SET @OLD_UNIQUE_CHECKS=@@UNIQUE_CHECKS, UNIQUE_CHECKS=0;
SET @OLD_FOREIGN_KEY_CHECKS=@@FOREIGN_KEY_CHECKS, FOREIGN_KEY_CHECKS=0;
SET @OLD_SQL_MODE=@@SQL_MODE, SQL_MODE='TRADITIONAL';

CREATE SCHEMA IF NOT EXISTS `logisticsdb` ;
USE `logisticsdb`;

-- -----------------------------------------------------
-- Table `logisticsdb`.`wholesaler`
-- -----------------------------------------------------
CREATE  TABLE IF NOT EXISTS `logisticsdb`.`wholesaler` (
  `wh_id` BIGINT NOT NULL AUTO_INCREMENT ,
  `wh_name` VARCHAR(50) NULL ,
  `wh_address` VARCHAR(255) NULL ,
  `wh_city` VARCHAR(30) NULL ,
  `wh_contact_no` VARCHAR(20) NULL ,
  `wh_email` VARCHAR(45) NULL ,
  PRIMARY KEY (`wh_id`) )
ENGINE = InnoDB;


-- -----------------------------------------------------
-- Table `logisticsdb`.`wholesale_products`
-- -----------------------------------------------------
CREATE  TABLE IF NOT EXISTS `logisticsdb`.`wholesale_products` (
  `wh_prod_id` BIGINT NOT NULL AUTO_INCREMENT ,
  `wh_prod_name` VARCHAR(255) NULL ,
  `wh_prod_desc` VARCHAR(1000) NULL ,
  `wh_prod_catg` VARCHAR(30) NULL ,
  `wh_sub_catg` VARCHAR(45) NULL ,
  `wh_depend_prod_id` BIGINT NULL ,
  `rt_prod_id` BIGINT NULL ,
  PRIMARY KEY (`wh_prod_id`) )
ENGINE = InnoDB;


-- -----------------------------------------------------
-- Table `logisticsdb`.`wholesale_order_status`
-- -----------------------------------------------------
CREATE  TABLE IF NOT EXISTS `logisticsdb`.`wholesale_order_status` (
  `wh_status_id` INT NOT NULL AUTO_INCREMENT ,
  `wh_status_c` VARCHAR(20) NULL ,
  `wh_status_desc` VARCHAR(30) NULL ,
  PRIMARY KEY (`wh_status_id`) )
ENGINE = InnoDB;


-- -----------------------------------------------------
-- Table `logisticsdb`.`retailer`
-- -----------------------------------------------------
CREATE  TABLE IF NOT EXISTS `logisticsdb`.`retailer` (
  `rt_id` BIGINT NOT NULL AUTO_INCREMENT ,
  `rt_name` VARCHAR(50) NULL ,
  `rt_address` VARCHAR(255) NULL ,
  `rt_city` VARCHAR(30) NULL ,
  `rt_contact_no` VARCHAR(20) NULL ,
  `rt_email` VARCHAR(45) NULL ,
  PRIMARY KEY (`rt_id`) )
ENGINE = InnoDB;


-- -----------------------------------------------------
-- Table `logisticsdb`.`wholesaler_products_stock`
-- -----------------------------------------------------
CREATE  TABLE IF NOT EXISTS `logisticsdb`.`wholesaler_products_stock` (
  `wh_id` BIGINT NOT NULL ,
  `wh_prod_id` BIGINT NOT NULL ,
  `wh_stock_up_thr_qnty` INT NULL ,
  `wh_stock_low_thr_qnty` INT NULL ,
  `wh_stock_available_qnty` INT NULL ,
  `wh_stock_ordered_qnty` INT NULL ,
  `wh_prod_cost_price` DOUBLE NULL ,
  `wh_prod_sell_price` DOUBLE NULL ,
  `wh_prod_margin_price` DOUBLE NULL ,
  `wh_prod_price_currency` VARCHAR(5) NULL DEFAULT 'GBP' ,
  `wh_prod_margin_percentage` FLOAT NULL ,
  `wh_max_delivery_days` INT NULL ,
  `wh_min_delivery_days` INT NULL ,
  `wh_max_qnty_storage` INT NULL ,
  `wh_prod_qnty_sold` INT NULL ,
  PRIMARY KEY (`wh_id`, `wh_prod_id`) ,
  INDEX `fk_wholesaler_products_stock_wholesaler1` (`wh_id` ASC) ,
  INDEX `fk_wholesaler_products_stock_wholesale_products1` (`wh_prod_id` ASC) ,
  CONSTRAINT `fk_wholesaler_products_stock_wholesaler1`
    FOREIGN KEY (`wh_id` )
    REFERENCES `logisticsdb`.`wholesaler` (`wh_id` )
    ON DELETE RESTRICT
    ON UPDATE RESTRICT,
  CONSTRAINT `fk_wholesaler_products_stock_wholesale_products1`
    FOREIGN KEY (`wh_prod_id` )
    REFERENCES `logisticsdb`.`wholesale_products` (`wh_prod_id` )
    ON DELETE RESTRICT
    ON UPDATE RESTRICT)
ENGINE = InnoDB;


-- -----------------------------------------------------
-- Table `logisticsdb`.`wholesale_orders`
-- -----------------------------------------------------
CREATE  TABLE IF NOT EXISTS `logisticsdb`.`wholesale_orders` (
  `wh_ord_no` BIGINT NOT NULL AUTO_INCREMENT ,
  `wh_ord_qnty` INT NULL ,
  `wh_ord_price` DOUBLE NULL ,
  `wh_status_id` INT NOT NULL ,
  `rt_id` BIGINT NOT NULL ,
  `wh_id` BIGINT NOT NULL ,
  `wh_prod_id` BIGINT NOT NULL ,
  `wh_order_date` DATE NULL ,
  PRIMARY KEY (`wh_ord_no`) ,
  INDEX `fk_wholesale_orders_wholesale_order_status1` (`wh_status_id` ASC) ,
  INDEX `fk_wholesale_orders_retailer1` (`rt_id` ASC) ,
  INDEX `fk_wholesale_orders_wholesaler_products_stock1` (`wh_id` ASC, `wh_prod_id` ASC) ,
  CONSTRAINT `fk_wholesale_orders_wholesale_order_status1`
    FOREIGN KEY (`wh_status_id` )
    REFERENCES `logisticsdb`.`wholesale_order_status` (`wh_status_id` )
    ON DELETE RESTRICT
    ON UPDATE RESTRICT,
  CONSTRAINT `fk_wholesale_orders_retailer1`
    FOREIGN KEY (`rt_id` )
    REFERENCES `logisticsdb`.`retailer` (`rt_id` )
    ON DELETE RESTRICT
    ON UPDATE RESTRICT,
  CONSTRAINT `fk_wholesale_orders_wholesaler_products_stock1`
    FOREIGN KEY (`wh_id` , `wh_prod_id` )
    REFERENCES `logisticsdb`.`wholesaler_products_stock` (`wh_id` , `wh_prod_id` )
    ON DELETE RESTRICT
    ON UPDATE RESTRICT)
ENGINE = InnoDB;


-- -----------------------------------------------------
-- Table `logisticsdb`.`wholesale_delivery`
-- -----------------------------------------------------
CREATE  TABLE IF NOT EXISTS `logisticsdb`.`wholesale_delivery` (
  `wh_delivery_id` BIGINT NOT NULL AUTO_INCREMENT ,
  `wh_delivery_date` DATE NULL ,
  `wh_no_of_days` INT NULL ,
  `wh_ord_no` BIGINT NOT NULL ,
  PRIMARY KEY (`wh_delivery_id`) ,
  INDEX `fk_wholesale_delivery_wholesale_orders1` (`wh_ord_no` ASC) ,
  CONSTRAINT `fk_wholesale_delivery_wholesale_orders1`
    FOREIGN KEY (`wh_ord_no` )
    REFERENCES `logisticsdb`.`wholesale_orders` (`wh_ord_no` )
    ON DELETE NO ACTION
    ON UPDATE NO ACTION)
ENGINE = InnoDB;


-- -----------------------------------------------------
-- Table `logisticsdb`.`retail_products`
-- -----------------------------------------------------
CREATE  TABLE IF NOT EXISTS `logisticsdb`.`retail_products` (
  `rt_prod_id` BIGINT NOT NULL AUTO_INCREMENT ,
  `rt_prod_name` VARCHAR(255) NULL ,
  `rt_prod_desc` VARCHAR(1000) NULL ,
  `rt_prod_catg` VARCHAR(30) NULL ,
  `rt_prod_sub_catg` VARCHAR(45) NULL ,
  `rt_depend_prod_id` BIGINT NULL ,
  PRIMARY KEY (`rt_prod_id`) )
ENGINE = InnoDB;


-- -----------------------------------------------------
-- Table `logisticsdb`.`retail_order_status`
-- -----------------------------------------------------
CREATE  TABLE IF NOT EXISTS `logisticsdb`.`retail_order_status` (
  `rt_status_id` INT NOT NULL AUTO_INCREMENT ,
  `rt_status_c` VARCHAR(20) NULL ,
  `rt_status_desc` VARCHAR(30) NULL ,
  PRIMARY KEY (`rt_status_id`) )
ENGINE = InnoDB;


-- -----------------------------------------------------
-- Table `logisticsdb`.`consumer`
-- -----------------------------------------------------
CREATE  TABLE IF NOT EXISTS `logisticsdb`.`consumer` (
  `cons_id` BIGINT NOT NULL AUTO_INCREMENT ,
  `cons_name` VARCHAR(50) NULL ,
  `cons_address` VARCHAR(255) NULL ,
  `cons_city` VARCHAR(30) NULL ,
  `cons_contact_no` VARCHAR(20) NULL ,
  `cons_email` VARCHAR(45) NULL ,
  PRIMARY KEY (`cons_id`) )
ENGINE = InnoDB;


-- -----------------------------------------------------
-- Table `logisticsdb`.`retailer_products_stock`
-- -----------------------------------------------------
CREATE  TABLE IF NOT EXISTS `logisticsdb`.`retailer_products_stock` (
  `rt_id` BIGINT NOT NULL ,
  `rt_prod_id` BIGINT NOT NULL ,
  `rt_stock_up_thr_qnty` INT NULL ,
  `rt_stock_low_thr_qnty` INT NULL ,
  `rt_stock_available_qnty` INT NULL ,
  `rt_stock_ordered_qnty` INT NULL ,
  `rt_prod_cost_price` DOUBLE NULL ,
  `rt_prod_sell_price` DOUBLE NULL ,
  `rt_prod_margin_price` DOUBLE NULL ,
  `rt_prod_price_currency` VARCHAR(5) NULL DEFAULT 'GBP' ,
  `rt_prod_margin_percentage` FLOAT NULL ,
  `rt_max_delivery_days` INT NULL ,
  `rt_min_delivery_days` INT NULL ,
  `rt_max_qnty_storage` INT NULL ,
  `rt_prod_qnty_sold` INT NULL ,
  PRIMARY KEY (`rt_id`, `rt_prod_id`) ,
  INDEX `fk_retailer_has_retail_products_retailer1` (`rt_id` ASC) ,
  INDEX `fk_retailer_has_retail_products_retail_products1` (`rt_prod_id` ASC) ,
  CONSTRAINT `fk_retailer_has_retail_products_retailer1`
    FOREIGN KEY (`rt_id` )
    REFERENCES `logisticsdb`.`retailer` (`rt_id` )
    ON DELETE RESTRICT
    ON UPDATE RESTRICT,
  CONSTRAINT `fk_retailer_has_retail_products_retail_products1`
    FOREIGN KEY (`rt_prod_id` )
    REFERENCES `logisticsdb`.`retail_products` (`rt_prod_id` )
    ON DELETE RESTRICT
    ON UPDATE RESTRICT)
ENGINE = InnoDB;


-- -----------------------------------------------------
-- Table `logisticsdb`.`retail_orders`
-- -----------------------------------------------------
CREATE  TABLE IF NOT EXISTS `logisticsdb`.`retail_orders` (
  `rt_ord_no` BIGINT NOT NULL AUTO_INCREMENT ,
  `rt_ord_qnty` INT NULL ,
  `rt_ord_price` DOUBLE NULL ,
  `rt_status_id` INT NOT NULL ,
  `cons_id` BIGINT NOT NULL ,
  `rt_id` BIGINT NOT NULL ,
  `rt_prod_id` BIGINT NOT NULL ,
  `rt_order_date` DATE NULL ,
  PRIMARY KEY (`rt_ord_no`) ,
  INDEX `fk_retail_orders_retail_order_status1` (`rt_status_id` ASC) ,
  INDEX `fk_retail_orders_consumer1` (`cons_id` ASC) ,
  INDEX `fk_retail_orders_retailer_has_retail_products1` (`rt_id` ASC, `rt_prod_id` ASC) ,
  CONSTRAINT `fk_retail_orders_retail_order_status1`
    FOREIGN KEY (`rt_status_id` )
    REFERENCES `logisticsdb`.`retail_order_status` (`rt_status_id` )
    ON DELETE RESTRICT
    ON UPDATE RESTRICT,
  CONSTRAINT `fk_retail_orders_consumer1`
    FOREIGN KEY (`cons_id` )
    REFERENCES `logisticsdb`.`consumer` (`cons_id` )
    ON DELETE RESTRICT
    ON UPDATE RESTRICT,
  CONSTRAINT `fk_retail_orders_retailer_has_retail_products1`
    FOREIGN KEY (`rt_id` , `rt_prod_id` )
    REFERENCES `logisticsdb`.`retailer_products_stock` (`rt_id` , `rt_prod_id` )
    ON DELETE RESTRICT
    ON UPDATE RESTRICT)
ENGINE = InnoDB;


-- -----------------------------------------------------
-- Table `logisticsdb`.`retail_delivery`
-- -----------------------------------------------------
CREATE  TABLE IF NOT EXISTS `logisticsdb`.`retail_delivery` (
  `rt_delivery_id` BIGINT NOT NULL AUTO_INCREMENT ,
  `rt_delivery_date` DATE NULL ,
  `rt_no_of_days` INT NULL ,
  `rt_ord_no` BIGINT NOT NULL ,
  PRIMARY KEY (`rt_delivery_id`) ,
  INDEX `fk_retail_delivery_retail_orders1` (`rt_ord_no` ASC) ,
  CONSTRAINT `fk_retail_delivery_retail_orders1`
    FOREIGN KEY (`rt_ord_no` )
    REFERENCES `logisticsdb`.`retail_orders` (`rt_ord_no` )
    ON DELETE NO ACTION
    ON UPDATE NO ACTION)
ENGINE = InnoDB;


-- -----------------------------------------------------
-- Table `logisticsdb`.`retailer_available_stock_history`
-- -----------------------------------------------------
CREATE  TABLE IF NOT EXISTS `logisticsdb`.`retailer_available_stock_history` (
  `rt_av_stock_history_id` BIGINT NOT NULL AUTO_INCREMENT ,
  `rt_id` BIGINT NOT NULL ,
  `rt_prod_id` BIGINT NOT NULL ,
  `rt_stock_available_qnty` INT NULL ,
  `rt_history_date` DATE NOT NULL ,
  PRIMARY KEY (`rt_av_stock_history_id`) )
ENGINE = InnoDB;



SET SQL_MODE=@OLD_SQL_MODE;
SET FOREIGN_KEY_CHECKS=@OLD_FOREIGN_KEY_CHECKS;
SET UNIQUE_CHECKS=@OLD_UNIQUE_CHECKS;

-- -----------------------------------------------------
-- Data for table `logisticsdb`.`wholesaler`
-- -----------------------------------------------------
SET AUTOCOMMIT=0;
USE `logisticsdb`;
INSERT INTO `wholesaler` (`wh_id`, `wh_name`, `wh_address`, `wh_city`, `wh_contact_no`, `wh_email`) VALUES (1, 'ALMA GROUP', 'GUILDFORD', 'SURREY', '+447760927178', 'contact@almagroup.co.uk');
INSERT INTO `wholesaler` (`wh_id`, `wh_name`, `wh_address`, `wh_city`, `wh_contact_no`, `wh_email`) VALUES (2, 'ADIS VENTURES LIMITED', 'GUILDFORD', 'SURREY', '+447760927179', 'contact@adisventures.co.uk');
INSERT INTO `wholesaler` (`wh_id`, `wh_name`, `wh_address`, `wh_city`, `wh_contact_no`, `wh_email`) VALUES (3, 'BEE BAY', 'GUILDFORD', 'SURREY', '+447760927180', 'contact@beebay.co.uk');
INSERT INTO `wholesaler` (`wh_id`, `wh_name`, `wh_address`, `wh_city`, `wh_contact_no`, `wh_email`) VALUES (4, 'TECHNO WORLD', 'GUILDFORD', 'SURREY', '+447760927181', 'contact@technoworld.co.uk');
INSERT INTO `wholesaler` (`wh_id`, `wh_name`, `wh_address`, `wh_city`, `wh_contact_no`, `wh_email`) VALUES (5, 'NORTHAMBER', 'GUILDFORD', 'SURREY', '+447760927182', 'contact@northamber.co.uk');

COMMIT;

-- -----------------------------------------------------
-- Data for table `logisticsdb`.`wholesale_products`
-- -----------------------------------------------------
SET AUTOCOMMIT=0;
USE `logisticsdb`;
INSERT INTO `wholesale_products` (`wh_prod_id`, `wh_prod_name`, `wh_prod_desc`, `wh_prod_catg`, `wh_sub_catg`, `wh_depend_prod_id`, `rt_prod_id`) VALUES (1, 'HP Pavilion dv6', 'Intel Core i3 530, 4 GB RAM,320 GB Hard Drive, 15.6 Screen', 'Computers', 'Laptops', 37, 1);
INSERT INTO `wholesale_products` (`wh_prod_id`, `wh_prod_name`, `wh_prod_desc`, `wh_prod_catg`, `wh_sub_catg`, `wh_depend_prod_id`, `rt_prod_id`) VALUES (2, 'HP dv4', 'Intel Core i5 660, 4 GB RAM, 500 GB Hard Drive, 14.1 Screen,Windows 7 Home, Premium', 'Computers', 'Laptops', 36, 2);
INSERT INTO `wholesale_products` (`wh_prod_id`, `wh_prod_name`, `wh_prod_desc`, `wh_prod_catg`, `wh_sub_catg`, `wh_depend_prod_id`, `rt_prod_id`) VALUES (3, 'HP Pavilion dv4i series', 'Intel Core i5 750s, 3 GB RAM,320 GB Hard Drive, 4.1 Screen', 'Computers', 'Laptops', 34, 3);
INSERT INTO `wholesale_products` (`wh_prod_id`, `wh_prod_name`, `wh_prod_desc`, `wh_prod_catg`, `wh_sub_catg`, `wh_depend_prod_id`, `rt_prod_id`) VALUES (4, 'HP dv6t Quad Edition series', 'Intel Core i7 940, 3 GB RAM, 320 GB Hard Drive, 15.6 Screen, Windows 7 Home Premium', 'Computers', 'Laptops', 30, 4);
INSERT INTO `wholesale_products` (`wh_prod_id`, `wh_prod_name`, `wh_prod_desc`, `wh_prod_catg`, `wh_sub_catg`, `wh_depend_prod_id`, `rt_prod_id`) VALUES (5, 'HP Pavilion dv6t series', 'Intel Core i7 860, 4 GB RAM,  320 GB Hard Drive, 15.6 Screen', 'Computers', 'Laptops', 33, 5);
INSERT INTO `wholesale_products` (`wh_prod_id`, `wh_prod_name`, `wh_prod_desc`, `wh_prod_catg`, `wh_sub_catg`, `wh_depend_prod_id`, `rt_prod_id`) VALUES (6, 'HP dv8t Quad Edition series', 'Intel Core i7 920, 4 GB RAM, 500 GB Hard Drive, 18.4 Screen, Windows 7 Professional, ', 'Computers', 'Laptops', 31, 6);
INSERT INTO `wholesale_products` (`wh_prod_id`, `wh_prod_name`, `wh_prod_desc`, `wh_prod_catg`, `wh_sub_catg`, `wh_depend_prod_id`, `rt_prod_id`) VALUES (7, 'Sony VAIO E Series', 'Intel Core i5 670, 8 GB RAM, 500 GB Hard Drive, 15.5 Screen', 'Computers', 'Laptops', 35, 7);
INSERT INTO `wholesale_products` (`wh_prod_id`, `wh_prod_name`, `wh_prod_desc`, `wh_prod_catg`, `wh_sub_catg`, `wh_depend_prod_id`, `rt_prod_id`) VALUES (8, 'Sony VAIO F Series', 'Intel Core i7 960, 8 GB RAM, 640 GB Hard Drive, 16.4 Screen', 'Computers', 'Laptops', 29, 8);
INSERT INTO `wholesale_products` (`wh_prod_id`, `wh_prod_name`, `wh_prod_desc`, `wh_prod_catg`, `wh_sub_catg`, `wh_depend_prod_id`, `rt_prod_id`) VALUES (9, 'Sony VPCF1190X', 'Intel Core i7 920, 2 GB RAM, 320 GB Hard Drive, 16.4 Screen', 'Computers', 'Laptops', 31, 9);
INSERT INTO `wholesale_products` (`wh_prod_id`, `wh_prod_name`, `wh_prod_desc`, `wh_prod_catg`, `wh_sub_catg`, `wh_depend_prod_id`, `rt_prod_id`) VALUES (10, 'Sony VAIO Z Series', 'Intel Core i7 860s,8 GB RAM, 512 GB Hard Drive, 13.1 Screen', 'Computers', 'Laptops', 32, 10);
INSERT INTO `wholesale_products` (`wh_prod_id`, `wh_prod_name`, `wh_prod_desc`, `wh_prod_catg`, `wh_sub_catg`, `wh_depend_prod_id`, `rt_prod_id`) VALUES (11, 'Apple MacBook Pro', 'Intel Core i5 670,  4 GB RAM, 320 GB Hard Drive, 15.0 Screen', 'Computers', 'Laptops', 35, 11);
INSERT INTO `wholesale_products` (`wh_prod_id`, `wh_prod_name`, `wh_prod_desc`, `wh_prod_catg`, `wh_sub_catg`, `wh_depend_prod_id`, `rt_prod_id`) VALUES (12, 'Apple MacBook Pro', 'Intel Core i7 860s, 4 GB RAM, 500 GB Hard Drive, 15.0 Screen', 'Computers', 'Laptops', 32, 12);
INSERT INTO `wholesale_products` (`wh_prod_id`, `wh_prod_name`, `wh_prod_desc`, `wh_prod_catg`, `wh_sub_catg`, `wh_depend_prod_id`, `rt_prod_id`) VALUES (13, 'Logitech M505 Wireless Mouse - Silver', 'Logitech Wireless Mouse M505 - mouse, Wireless - 2.4 GHz,USB wireless receiver,  Laser , Scrolling wheel, soft rubber grip, on/off power switch,  2 x AA type  Battery,  OS Required: Microsoft Windows 7, Apple MacOS X 10.4, Microsoft Windows Vista / XP, Compatible with Windows 7, 3 years  Manufacturer warranty', 'Computer Accessories', 'Mouse', NULL, 13);
INSERT INTO `wholesale_products` (`wh_prod_id`, `wh_prod_name`, `wh_prod_desc`, `wh_prod_catg`, `wh_sub_catg`, `wh_depend_prod_id`, `rt_prod_id`) VALUES (14, 'Logitech MX518 Optical Gaming Mouse', '1800 dpi optical engine delivers precision targeting and pinpoint accuracy,\nSculpted comfort grip helps reduce strain, Polytetrafluoroethylene feet glide smoothly across almost any surface, In-game sensitivity switching lets you easily control cursor speed and responsiveness without ever having to interrupt play\n, 8 programmable buttons provide added control and efficiency, Technical Details- Interfaces: 1 x USB - 4 PIN USB Type A ¦ 1 x mouse - generic - 6 pin mini-DIN (PS/2 style)', 'Computer Accessories', 'Mouse', NULL, 14);
INSERT INTO `wholesale_products` (`wh_prod_id`, `wh_prod_name`, `wh_prod_desc`, `wh_prod_catg`, `wh_sub_catg`, `wh_depend_prod_id`, `rt_prod_id`) VALUES (15, 'Kensington SlimBlade Trackball Mouse (Si860)', ' Kensington SlimBlade Trackball Mouse - mouse, Wireless - Bluetooth, USB wireless receiver,Laser Movement Detection Technology,Scrolling ball, battery indicator,  2 x AA type Battery, 5 years  Manufacturer Warranty', 'Computer Accessories', 'Mouse', NULL, 15);
INSERT INTO `wholesale_products` (`wh_prod_id`, `wh_prod_name`, `wh_prod_desc`, `wh_prod_catg`, `wh_sub_catg`, `wh_depend_prod_id`, `rt_prod_id`) VALUES (16, 'Kensington SlimBlade Media Mouse (Si700p - Black)', 'Kensington SlimBlade Media Mouse - mouse,  Wireless - RF, USB wireless receiver, Laser  Movement Detection Technology,  Volume control, scrolling ball, battery indicator, 2 x AA type Battery, 5 years Manufacturer Warranty', 'Computer Accessories', 'Mouse', NULL, 16);
INSERT INTO `wholesale_products` (`wh_prod_id`, `wh_prod_name`, `wh_prod_desc`, `wh_prod_catg`, `wh_sub_catg`, `wh_depend_prod_id`, `rt_prod_id`) VALUES (17, 'Microsoft Basic Optical Mouse Black', ' Microsoft Basic Optical Mouse Black - mouse, Wired - USB, Optical Movement Detection Technology, 3 Buttons , Scrolling wheel,  Cables Included: 1 x USB cable - integrated , OS Required: Microsoft Windows 2000 Server, Microsoft Windows 2000 Professional, Microsoft Windows 98/ME, Microsoft Windows XP Home Edition, Microsoft Windows XP Professional, Apple MacOS X 10.1 - 10.1.3', 'Computer Accessories', 'Mouse', NULL, 17);
INSERT INTO `wholesale_products` (`wh_prod_id`, `wh_prod_name`, `wh_prod_desc`, `wh_prod_catg`, `wh_sub_catg`, `wh_depend_prod_id`, `rt_prod_id`) VALUES (18, 'Microsoft Wireless Mobile Mouse 3000 - Black', 'Microsoft Wireless Mobile Mouse 3000 - mouse, Wireless - RF, USB wireless receiver, Optical Movement Detection Technology, 4 Buttons, 1000 dpi  Movement Resolution, Features: High Definition Optical Technology, battery indicator, Magnifier,  1 x AA type  Battery, Required: Microsoft Windows Vista / XP, Apple MacOS X 10.2 - 10.5, 3 years  Manufacturer Warranty', 'Computer Accessories', 'Mouse', NULL, 18);
INSERT INTO `wholesale_products` (`wh_prod_id`, `wh_prod_name`, `wh_prod_desc`, `wh_prod_catg`, `wh_sub_catg`, `wh_depend_prod_id`, `rt_prod_id`) VALUES (19, 'Apple Keyboard', 'Product Description: Apple keyboard, USB, Multimedia, optical media eject, volume, brightness, Expose , 1 x USB extension cable included ,OS Required: Apple MacOS X 10.5.6 or later', 'Computer Accessories', 'Keyboard', NULL, 19);
INSERT INTO `wholesale_products` (`wh_prod_id`, `wh_prod_name`, `wh_prod_desc`, `wh_prod_catg`, `wh_sub_catg`, `wh_depend_prod_id`, `rt_prod_id`) VALUES (20, 'Microsoft Wired Desktop 600 - Black', 'Media Center - Four hot keys let you control the most-used media activities, Hot Keys Included - play/pause, volume up, volume down, and mute,  Quiet-touch Keys - Quiet, responsive, thin-profile keys , Calculator Hot Key - One touch of the button and you can quickly access the Calculator, Spill-Resistant - Enjoy a drink whilst working — keyboard is designed to withstand an accidental spill, Windows Start Button - Launch start menu and search your PC or Internet with Windows Vista installed, Plug and Play - No software needed. Just connect the keyboard to your PC and go,  Mouse Features -  Use your mouse with left or right hand — ambidextrous design makes it comfortable either way,  Optical Technology - Navigate with better speed, accuracy and reliability, The optical sensor tracks movement on nearly any surface ,  Scroll Wheel - Move through documents quickly without having to click on the on-screen scroll bar', 'Computer Accessories', 'Keyboard', NULL, 20);
INSERT INTO `wholesale_products` (`wh_prod_id`, `wh_prod_name`, `wh_prod_desc`, `wh_prod_catg`, `wh_sub_catg`, `wh_depend_prod_id`, `rt_prod_id`) VALUES (21, 'Logitech diNovo Keyboard Mac Edition', 'Modern, elegant design features an ultra-slim profile, piano-black finish and brushed-aluminium palm rest, PerfectStroke™ key system with micro-scissors mechanism gives you more key travel than typical keyboards,  3-year battery life, Mac keyboard layout lets you type faster and more comfortably, with all the keys where you expect them to be, Integrated number pad makes data entry fast and effortless', 'Computer Accessories', 'Keyboard', NULL, 21);
INSERT INTO `wholesale_products` (`wh_prod_id`, `wh_prod_name`, `wh_prod_desc`, `wh_prod_catg`, `wh_sub_catg`, `wh_depend_prod_id`, `rt_prod_id`) VALUES (22, 'Logitech Deluxe 250 Keyboard - USB, Black', 'Factory Sealed Original Product from Logitech, USB, Spillproof, Manufacturers 3 Year Warranty', 'Computer Accessories', 'Keyboard', NULL, 22);
INSERT INTO `wholesale_products` (`wh_prod_id`, `wh_prod_name`, `wh_prod_desc`, `wh_prod_catg`, `wh_sub_catg`, `wh_depend_prod_id`, `rt_prod_id`) VALUES (23, 'Logitech Wave Keyboard', 'Innovative keyboard with a wave design that cradles your hands naturally,  Cushioned, contoured palm rest helps position your hands comfortably on the keyboard, Adjustable keyboard height for personalised comfort, Dedicated one-touch access to key Windows Vista™ features,  USB connection; Windows® XP, Windows Vista™ or Mac® OS X (10.3.9 ),  Manufacturers 5-year warranty', 'Computer Accessories', 'Keyboard', NULL, 23);
INSERT INTO `wholesale_products` (`wh_prod_id`, `wh_prod_name`, `wh_prod_desc`, `wh_prod_catg`, `wh_sub_catg`, `wh_depend_prod_id`, `rt_prod_id`) VALUES (24, 'Seagate 500GB Expansion Portable USB 2.0 Hard Drive', 'Seagate Portable 2.5 inch Hard Disk Drive, 500GB capacitiy, USB 2.0 Interface, \n5400 RPM performance, Plug n play no software to install,  Plug n\\\' play - no software to install Simply drag-and-drop to save files, USB powered Built-in power management ensures energy efficient operation 5400 RPM performance 2-year limited warranty, Works with Windows Vista, Windows XP, or Mac OSX 10.4.8 or higherUSB 2.0 or 1.1 port', 'Computer Accessories', 'Hard Drive', NULL, 24);
INSERT INTO `wholesale_products` (`wh_prod_id`, `wh_prod_name`, `wh_prod_desc`, `wh_prod_catg`, `wh_sub_catg`, `wh_depend_prod_id`, `rt_prod_id`) VALUES (25, 'Western Digital Elements 1TB USB 2.0 Desktop External Hard Drive - Black', 'Serial Transfer Rate, USB 2.0, Serial Bus Transfer Rate (USB 2.0) 480 Mb/s (Max)\nPhysical Specifications, Capacity 1 TB, Interface USB 2.0', 'Computer Accessories', 'Hard Drive', NULL, 25);
INSERT INTO `wholesale_products` (`wh_prod_id`, `wh_prod_name`, `wh_prod_desc`, `wh_prod_catg`, `wh_sub_catg`, `wh_depend_prod_id`, `rt_prod_id`) VALUES (26, 'Seagate Expansions 1TB External Desktop USB 2.0 Hard Drive for PC', 'Plug n’ play - USB 2.0 connection and no software to install,  Simply drag-and-drop to save files, 7200 RPM performance, Built-in power management ensures energy efficient operation,  2-year limited warranty', 'Computer Accessories', 'Hard Drive', NULL, 26);
INSERT INTO `wholesale_products` (`wh_prod_id`, `wh_prod_name`, `wh_prod_desc`, `wh_prod_catg`, `wh_sub_catg`, `wh_depend_prod_id`, `rt_prod_id`) VALUES (27, 'Western Digital My Passport Essential 500GB USB 2.0 Portable External Hard Drive - Black', 'USB-powered 500 GB portable external hard drive, Big capacity that fits in your pocket - compact drive fits easily in your pocket or purse and weighs only a few ounces, New updates for SmartWare Software available from Western Digital\nSynchronized and secure,  Compatible - use with Windows and Macintosh computers', 'Computer Accessories', 'Hard Drive', NULL, 27);
INSERT INTO `wholesale_products` (`wh_prod_id`, `wh_prod_name`, `wh_prod_desc`, `wh_prod_catg`, `wh_sub_catg`, `wh_depend_prod_id`, `rt_prod_id`) VALUES (28, 'Samsung Story Station 1.5TB USB 2.0 External Hard Drive', 'Product Description: Samsung Story Station HX-DU015EB - hard drive - 1.5 TB - Hi-Speed USB, Type: Hard drive - external,  Capacity: 1.5 TB, Interface Type: Hi-Speed USB, OS Required: Microsoft Windows 2000 Professional, Microsoft Windows XP Home Edition, Microsoft Windows XP Professional, Microsoft Windows Vista, Apple MacOS X 10.4.8 or later, Microsoft Certification: Compatible with Windows 7', 'Computer Accessories', 'Hard Drive', NULL, 28);
INSERT INTO `wholesale_products` (`wh_prod_id`, `wh_prod_name`, `wh_prod_desc`, `wh_prod_catg`, `wh_sub_catg`, `wh_depend_prod_id`, `rt_prod_id`) VALUES (29, 'Intel® Core™ i7 Processor i7-960', 'Intel Core i7 960  Processor, 3.20GHz, 8MB L3 Cache, LGA 1366', ' Computer Components', 'Processor', NULL, 29);
INSERT INTO `wholesale_products` (`wh_prod_id`, `wh_prod_name`, `wh_prod_desc`, `wh_prod_catg`, `wh_sub_catg`, `wh_depend_prod_id`, `rt_prod_id`) VALUES (30, 'Intel® Core™ i7 Processor i7-940', 'Intel Core i7 940 Processor, 2.93GHz, 8MB L3 Cache, 4.8GT/Sec, LGA 1366', ' Computer Components', 'Processor', NULL, 30);
INSERT INTO `wholesale_products` (`wh_prod_id`, `wh_prod_name`, `wh_prod_desc`, `wh_prod_catg`, `wh_sub_catg`, `wh_depend_prod_id`, `rt_prod_id`) VALUES (31, 'Intel® Core™ i7 Processor i7-920', 'Intel Core i7 920 Processor, 2.66GHz LGA 1366 4.8GT/s QPI 8MB L3 Cache', ' Computer Components', 'Processor', NULL, 31);
INSERT INTO `wholesale_products` (`wh_prod_id`, `wh_prod_name`, `wh_prod_desc`, `wh_prod_catg`, `wh_sub_catg`, `wh_depend_prod_id`, `rt_prod_id`) VALUES (32, 'Intel® Core™ i7 Processor i7-860s', 'Intel Core i7 860S Processor, 2.53GHz, 8MB L3 Cache', ' Computer Components', 'Processor', NULL, 32);
INSERT INTO `wholesale_products` (`wh_prod_id`, `wh_prod_name`, `wh_prod_desc`, `wh_prod_catg`, `wh_sub_catg`, `wh_depend_prod_id`, `rt_prod_id`) VALUES (33, 'Intel® Core™ i7 Processor i7-860', 'Intel Core i7 860 Processor 2.80GHz, 8MB Cache', ' Computer Components', 'Processor', NULL, 33);
INSERT INTO `wholesale_products` (`wh_prod_id`, `wh_prod_name`, `wh_prod_desc`, `wh_prod_catg`, `wh_sub_catg`, `wh_depend_prod_id`, `rt_prod_id`) VALUES (34, 'Intel® Core™ i5 Processor i5-750s', 'Intel Processor, Core i5 750S 2.40GHz, 8MB L3 Cache', ' Computer Components', 'Processor', NULL, 34);
INSERT INTO `wholesale_products` (`wh_prod_id`, `wh_prod_name`, `wh_prod_desc`, `wh_prod_catg`, `wh_sub_catg`, `wh_depend_prod_id`, `rt_prod_id`) VALUES (35, 'Intel® Core™ i5 Processor i5-670', 'Intel Processor, Core i5 670 3.46GHz, 4MB L3 Cache, LGA1156', ' Computer Components', 'Processor', NULL, 35);
INSERT INTO `wholesale_products` (`wh_prod_id`, `wh_prod_name`, `wh_prod_desc`, `wh_prod_catg`, `wh_sub_catg`, `wh_depend_prod_id`, `rt_prod_id`) VALUES (36, 'Intel® Core™ i5 Processor i5-660', 'Intel Processor, Core i5 660 3.33GHz, 4MB L3 Cache, LGA1156', ' Computer Components', 'Processor', NULL, 36);
INSERT INTO `wholesale_products` (`wh_prod_id`, `wh_prod_name`, `wh_prod_desc`, `wh_prod_catg`, `wh_sub_catg`, `wh_depend_prod_id`, `rt_prod_id`) VALUES (37, 'Intel® Core™ i3 Processor i3-530', 'Intel Processor, Core i3 530 2.66GHz, 4MB L3 Cache, LGA1156', ' Computer Components', 'Processor', NULL, 37);

COMMIT;

-- -----------------------------------------------------
-- Data for table `logisticsdb`.`wholesale_order_status`
-- -----------------------------------------------------
SET AUTOCOMMIT=0;
USE `logisticsdb`;
INSERT INTO `wholesale_order_status` (`wh_status_id`, `wh_status_c`, `wh_status_desc`) VALUES (1, 'CMPL', 'COMPLETE');
INSERT INTO `wholesale_order_status` (`wh_status_id`, `wh_status_c`, `wh_status_desc`) VALUES (2, 'CNCL', 'CANCEL');
INSERT INTO `wholesale_order_status` (`wh_status_id`, `wh_status_c`, `wh_status_desc`) VALUES (3, 'PEND', 'PENDING');
INSERT INTO `wholesale_order_status` (`wh_status_id`, `wh_status_c`, `wh_status_desc`) VALUES (4, 'DELAY', 'DELAY');

COMMIT;

-- -----------------------------------------------------
-- Data for table `logisticsdb`.`retailer`
-- -----------------------------------------------------
SET AUTOCOMMIT=0;
USE `logisticsdb`;
INSERT INTO `retailer` (`rt_id`, `rt_name`, `rt_address`, `rt_city`, `rt_contact_no`, `rt_email`) VALUES (1, 'PC WORLD', 'GUILDFORD', 'SURREY ', '+447760927177', 'contact@pcworld.co.uk');
INSERT INTO `retailer` (`rt_id`, `rt_name`, `rt_address`, `rt_city`, `rt_contact_no`, `rt_email`) VALUES (2, 'NEXT', 'GUILDFORD ', 'SURREY ', '+447760927277 ', 'contact@next.co.uk');
INSERT INTO `retailer` (`rt_id`, `rt_name`, `rt_address`, `rt_city`, `rt_contact_no`, `rt_email`) VALUES (3, 'COMET', 'GUILDFORD ', 'SURREY ', '+447760927377 ', 'contact@comet.co.uk' );
INSERT INTO `retailer` (`rt_id`, `rt_name`, `rt_address`, `rt_city`, `rt_contact_no`, `rt_email`) VALUES (4, 'LAPTOP DIRECT ', 'GUILDFORD ', 'SURREY ', '+447760927477 ', 'contact@laptopdirect.co.uk' );
INSERT INTO `retailer` (`rt_id`, `rt_name`, `rt_address`, `rt_city`, `rt_contact_no`, `rt_email`) VALUES (5, 'CURRYS ', 'GUILDFORD ', 'SURREY ', '+447760927577 ', 'contact@currys.co.uk' );
INSERT INTO `retailer` (`rt_id`, `rt_name`, `rt_address`, `rt_city`, `rt_contact_no`, `rt_email`) VALUES (6, 'ARGOS ', 'GUILDFORD ', 'SURREY', '+447760927677 ', 'contact@argos.co.uk' );
INSERT INTO `retailer` (`rt_id`, `rt_name`, `rt_address`, `rt_city`, `rt_contact_no`, `rt_email`) VALUES (7, 'TESCO ', 'GUILDFORD ', 'SURREY ', '+447760927777 ', 'contact@tesco.co.uk' );

COMMIT;

-- -----------------------------------------------------
-- Data for table `logisticsdb`.`wholesaler_products_stock`
-- -----------------------------------------------------
SET AUTOCOMMIT=0;
USE `logisticsdb`;
INSERT INTO `wholesaler_products_stock` (`wh_id`, `wh_prod_id`, `wh_stock_up_thr_qnty`, `wh_stock_low_thr_qnty`, `wh_stock_available_qnty`, `wh_stock_ordered_qnty`, `wh_prod_cost_price`, `wh_prod_sell_price`, `wh_prod_margin_price`, `wh_prod_price_currency`, `wh_prod_margin_percentage`, `wh_max_delivery_days`, `wh_min_delivery_days`, `wh_max_qnty_storage`, `wh_prod_qnty_sold`) VALUES (1, 1, 10, 3, 10, 0, 400, 460, 60, 'GBP', 15, 5, 1, 15, 0);
INSERT INTO `wholesaler_products_stock` (`wh_id`, `wh_prod_id`, `wh_stock_up_thr_qnty`, `wh_stock_low_thr_qnty`, `wh_stock_available_qnty`, `wh_stock_ordered_qnty`, `wh_prod_cost_price`, `wh_prod_sell_price`, `wh_prod_margin_price`, `wh_prod_price_currency`, `wh_prod_margin_percentage`, `wh_max_delivery_days`, `wh_min_delivery_days`, `wh_max_qnty_storage`, `wh_prod_qnty_sold`) VALUES (1, 2, 10, 3, 10, 0, 450, 517.5, 67.5, 'GBP', 15, 5, 1, 15, 0);
INSERT INTO `wholesaler_products_stock` (`wh_id`, `wh_prod_id`, `wh_stock_up_thr_qnty`, `wh_stock_low_thr_qnty`, `wh_stock_available_qnty`, `wh_stock_ordered_qnty`, `wh_prod_cost_price`, `wh_prod_sell_price`, `wh_prod_margin_price`, `wh_prod_price_currency`, `wh_prod_margin_percentage`, `wh_max_delivery_days`, `wh_min_delivery_days`, `wh_max_qnty_storage`, `wh_prod_qnty_sold`) VALUES (1, 3, 10, 3, 10, 0, 480, 552, 72, 'GBP', 15, 5, 1, 15, 0);
INSERT INTO `wholesaler_products_stock` (`wh_id`, `wh_prod_id`, `wh_stock_up_thr_qnty`, `wh_stock_low_thr_qnty`, `wh_stock_available_qnty`, `wh_stock_ordered_qnty`, `wh_prod_cost_price`, `wh_prod_sell_price`, `wh_prod_margin_price`, `wh_prod_price_currency`, `wh_prod_margin_percentage`, `wh_max_delivery_days`, `wh_min_delivery_days`, `wh_max_qnty_storage`, `wh_prod_qnty_sold`) VALUES (1, 4, 10, 3, 10, 0, 550, 632.5, 82.5, 'GBP', 15, 5, 1, 15, 0);
INSERT INTO `wholesaler_products_stock` (`wh_id`, `wh_prod_id`, `wh_stock_up_thr_qnty`, `wh_stock_low_thr_qnty`, `wh_stock_available_qnty`, `wh_stock_ordered_qnty`, `wh_prod_cost_price`, `wh_prod_sell_price`, `wh_prod_margin_price`, `wh_prod_price_currency`, `wh_prod_margin_percentage`, `wh_max_delivery_days`, `wh_min_delivery_days`, `wh_max_qnty_storage`, `wh_prod_qnty_sold`) VALUES (1, 5, 10, 3, 10, 0, 600, 690, 90, 'GBP', 15, 5, 1, 15, 0);
INSERT INTO `wholesaler_products_stock` (`wh_id`, `wh_prod_id`, `wh_stock_up_thr_qnty`, `wh_stock_low_thr_qnty`, `wh_stock_available_qnty`, `wh_stock_ordered_qnty`, `wh_prod_cost_price`, `wh_prod_sell_price`, `wh_prod_margin_price`, `wh_prod_price_currency`, `wh_prod_margin_percentage`, `wh_max_delivery_days`, `wh_min_delivery_days`, `wh_max_qnty_storage`, `wh_prod_qnty_sold`) VALUES (1, 6, 10, 3, 10, 0, 650, 747.5, 97.5, 'GBP', 15, 5, 1, 15, 0);
INSERT INTO `wholesaler_products_stock` (`wh_id`, `wh_prod_id`, `wh_stock_up_thr_qnty`, `wh_stock_low_thr_qnty`, `wh_stock_available_qnty`, `wh_stock_ordered_qnty`, `wh_prod_cost_price`, `wh_prod_sell_price`, `wh_prod_margin_price`, `wh_prod_price_currency`, `wh_prod_margin_percentage`, `wh_max_delivery_days`, `wh_min_delivery_days`, `wh_max_qnty_storage`, `wh_prod_qnty_sold`) VALUES (1, 7, 10, 3, 10, 0, 700, 805, 105, 'GBP', 15, 5, 1, 15, 0);
INSERT INTO `wholesaler_products_stock` (`wh_id`, `wh_prod_id`, `wh_stock_up_thr_qnty`, `wh_stock_low_thr_qnty`, `wh_stock_available_qnty`, `wh_stock_ordered_qnty`, `wh_prod_cost_price`, `wh_prod_sell_price`, `wh_prod_margin_price`, `wh_prod_price_currency`, `wh_prod_margin_percentage`, `wh_max_delivery_days`, `wh_min_delivery_days`, `wh_max_qnty_storage`, `wh_prod_qnty_sold`) VALUES (1, 8, 10, 3, 10, 0, 750, 862.5, 112.5, 'GBP', 15, 5, 1, 15, 0);
INSERT INTO `wholesaler_products_stock` (`wh_id`, `wh_prod_id`, `wh_stock_up_thr_qnty`, `wh_stock_low_thr_qnty`, `wh_stock_available_qnty`, `wh_stock_ordered_qnty`, `wh_prod_cost_price`, `wh_prod_sell_price`, `wh_prod_margin_price`, `wh_prod_price_currency`, `wh_prod_margin_percentage`, `wh_max_delivery_days`, `wh_min_delivery_days`, `wh_max_qnty_storage`, `wh_prod_qnty_sold`) VALUES (1, 9, 10, 3, 10, 0, 800, 920, 120, 'GBP', 15, 5, 1, 15, 0);
INSERT INTO `wholesaler_products_stock` (`wh_id`, `wh_prod_id`, `wh_stock_up_thr_qnty`, `wh_stock_low_thr_qnty`, `wh_stock_available_qnty`, `wh_stock_ordered_qnty`, `wh_prod_cost_price`, `wh_prod_sell_price`, `wh_prod_margin_price`, `wh_prod_price_currency`, `wh_prod_margin_percentage`, `wh_max_delivery_days`, `wh_min_delivery_days`, `wh_max_qnty_storage`, `wh_prod_qnty_sold`) VALUES (1, 10, 10, 3, 10, 0, 850, 977.5, 127.5, 'GBP', 15, 5, 1, 15, 0);
INSERT INTO `wholesaler_products_stock` (`wh_id`, `wh_prod_id`, `wh_stock_up_thr_qnty`, `wh_stock_low_thr_qnty`, `wh_stock_available_qnty`, `wh_stock_ordered_qnty`, `wh_prod_cost_price`, `wh_prod_sell_price`, `wh_prod_margin_price`, `wh_prod_price_currency`, `wh_prod_margin_percentage`, `wh_max_delivery_days`, `wh_min_delivery_days`, `wh_max_qnty_storage`, `wh_prod_qnty_sold`) VALUES (1, 11, 10, 3, 10, 0, 900, 1035, 135, 'GBP', 15, 5, 1, 15, 0);
INSERT INTO `wholesaler_products_stock` (`wh_id`, `wh_prod_id`, `wh_stock_up_thr_qnty`, `wh_stock_low_thr_qnty`, `wh_stock_available_qnty`, `wh_stock_ordered_qnty`, `wh_prod_cost_price`, `wh_prod_sell_price`, `wh_prod_margin_price`, `wh_prod_price_currency`, `wh_prod_margin_percentage`, `wh_max_delivery_days`, `wh_min_delivery_days`, `wh_max_qnty_storage`, `wh_prod_qnty_sold`) VALUES (1, 12, 10, 3, 10, 0, 1000, 1150, 150, 'GBP', 15, 5, 1, 15, 0);
INSERT INTO `wholesaler_products_stock` (`wh_id`, `wh_prod_id`, `wh_stock_up_thr_qnty`, `wh_stock_low_thr_qnty`, `wh_stock_available_qnty`, `wh_stock_ordered_qnty`, `wh_prod_cost_price`, `wh_prod_sell_price`, `wh_prod_margin_price`, `wh_prod_price_currency`, `wh_prod_margin_percentage`, `wh_max_delivery_days`, `wh_min_delivery_days`, `wh_max_qnty_storage`, `wh_prod_qnty_sold`) VALUES (2, 1, 8, 2, 8, 0, 420, 483, 63, 'GBP', 15, 7, 2, 20, 0);
INSERT INTO `wholesaler_products_stock` (`wh_id`, `wh_prod_id`, `wh_stock_up_thr_qnty`, `wh_stock_low_thr_qnty`, `wh_stock_available_qnty`, `wh_stock_ordered_qnty`, `wh_prod_cost_price`, `wh_prod_sell_price`, `wh_prod_margin_price`, `wh_prod_price_currency`, `wh_prod_margin_percentage`, `wh_max_delivery_days`, `wh_min_delivery_days`, `wh_max_qnty_storage`, `wh_prod_qnty_sold`) VALUES (2, 2, 8, 2, 8, 0, 470, 540.5, 70.5, 'GBP', 15, 7, 2, 20, 0);
INSERT INTO `wholesaler_products_stock` (`wh_id`, `wh_prod_id`, `wh_stock_up_thr_qnty`, `wh_stock_low_thr_qnty`, `wh_stock_available_qnty`, `wh_stock_ordered_qnty`, `wh_prod_cost_price`, `wh_prod_sell_price`, `wh_prod_margin_price`, `wh_prod_price_currency`, `wh_prod_margin_percentage`, `wh_max_delivery_days`, `wh_min_delivery_days`, `wh_max_qnty_storage`, `wh_prod_qnty_sold`) VALUES (2, 3, 8, 2, 8, 0, 500, 575, 75, 'GBP', 15, 7, 2, 20, 0);
INSERT INTO `wholesaler_products_stock` (`wh_id`, `wh_prod_id`, `wh_stock_up_thr_qnty`, `wh_stock_low_thr_qnty`, `wh_stock_available_qnty`, `wh_stock_ordered_qnty`, `wh_prod_cost_price`, `wh_prod_sell_price`, `wh_prod_margin_price`, `wh_prod_price_currency`, `wh_prod_margin_percentage`, `wh_max_delivery_days`, `wh_min_delivery_days`, `wh_max_qnty_storage`, `wh_prod_qnty_sold`) VALUES (2, 4, 8, 2, 8, 0, 570, 655.5, 85.5, 'GBP', 15, 7, 2, 20, 0);
INSERT INTO `wholesaler_products_stock` (`wh_id`, `wh_prod_id`, `wh_stock_up_thr_qnty`, `wh_stock_low_thr_qnty`, `wh_stock_available_qnty`, `wh_stock_ordered_qnty`, `wh_prod_cost_price`, `wh_prod_sell_price`, `wh_prod_margin_price`, `wh_prod_price_currency`, `wh_prod_margin_percentage`, `wh_max_delivery_days`, `wh_min_delivery_days`, `wh_max_qnty_storage`, `wh_prod_qnty_sold`) VALUES (2, 5, 8, 2, 8, 0, 620, 713, 93, 'GBP', 15, 7, 2, 20, 0);
INSERT INTO `wholesaler_products_stock` (`wh_id`, `wh_prod_id`, `wh_stock_up_thr_qnty`, `wh_stock_low_thr_qnty`, `wh_stock_available_qnty`, `wh_stock_ordered_qnty`, `wh_prod_cost_price`, `wh_prod_sell_price`, `wh_prod_margin_price`, `wh_prod_price_currency`, `wh_prod_margin_percentage`, `wh_max_delivery_days`, `wh_min_delivery_days`, `wh_max_qnty_storage`, `wh_prod_qnty_sold`) VALUES (2, 6, 8, 2, 8, 0, 650, 747.5, 97.5, 'GBP', 15, 7, 2, 20, 0);
INSERT INTO `wholesaler_products_stock` (`wh_id`, `wh_prod_id`, `wh_stock_up_thr_qnty`, `wh_stock_low_thr_qnty`, `wh_stock_available_qnty`, `wh_stock_ordered_qnty`, `wh_prod_cost_price`, `wh_prod_sell_price`, `wh_prod_margin_price`, `wh_prod_price_currency`, `wh_prod_margin_percentage`, `wh_max_delivery_days`, `wh_min_delivery_days`, `wh_max_qnty_storage`, `wh_prod_qnty_sold`) VALUES (2, 7, 8, 2, 8, 0, 720, 828, 108, 'GBP', 15, 7, 2, 20, 0);
INSERT INTO `wholesaler_products_stock` (`wh_id`, `wh_prod_id`, `wh_stock_up_thr_qnty`, `wh_stock_low_thr_qnty`, `wh_stock_available_qnty`, `wh_stock_ordered_qnty`, `wh_prod_cost_price`, `wh_prod_sell_price`, `wh_prod_margin_price`, `wh_prod_price_currency`, `wh_prod_margin_percentage`, `wh_max_delivery_days`, `wh_min_delivery_days`, `wh_max_qnty_storage`, `wh_prod_qnty_sold`) VALUES (2, 8, 8, 2, 8, 0, 770, 885.5, 115.5, 'GBP', 15, 7, 2, 20, 0);
INSERT INTO `wholesaler_products_stock` (`wh_id`, `wh_prod_id`, `wh_stock_up_thr_qnty`, `wh_stock_low_thr_qnty`, `wh_stock_available_qnty`, `wh_stock_ordered_qnty`, `wh_prod_cost_price`, `wh_prod_sell_price`, `wh_prod_margin_price`, `wh_prod_price_currency`, `wh_prod_margin_percentage`, `wh_max_delivery_days`, `wh_min_delivery_days`, `wh_max_qnty_storage`, `wh_prod_qnty_sold`) VALUES (2, 9, 8, 2, 8, 0, 820, 943, 123, 'GBP', 15, 7, 2, 20, 0);
INSERT INTO `wholesaler_products_stock` (`wh_id`, `wh_prod_id`, `wh_stock_up_thr_qnty`, `wh_stock_low_thr_qnty`, `wh_stock_available_qnty`, `wh_stock_ordered_qnty`, `wh_prod_cost_price`, `wh_prod_sell_price`, `wh_prod_margin_price`, `wh_prod_price_currency`, `wh_prod_margin_percentage`, `wh_max_delivery_days`, `wh_min_delivery_days`, `wh_max_qnty_storage`, `wh_prod_qnty_sold`) VALUES (2, 10, 8, 2, 8, 0, 870, 1000.5, 130.5, 'GBP', 15, 7, 2, 20, 0);
INSERT INTO `wholesaler_products_stock` (`wh_id`, `wh_prod_id`, `wh_stock_up_thr_qnty`, `wh_stock_low_thr_qnty`, `wh_stock_available_qnty`, `wh_stock_ordered_qnty`, `wh_prod_cost_price`, `wh_prod_sell_price`, `wh_prod_margin_price`, `wh_prod_price_currency`, `wh_prod_margin_percentage`, `wh_max_delivery_days`, `wh_min_delivery_days`, `wh_max_qnty_storage`, `wh_prod_qnty_sold`) VALUES (2, 11, 8, 2, 8, 0, 900, 1035, 135, 'GBP', 15, 7, 2, 20, 0);
INSERT INTO `wholesaler_products_stock` (`wh_id`, `wh_prod_id`, `wh_stock_up_thr_qnty`, `wh_stock_low_thr_qnty`, `wh_stock_available_qnty`, `wh_stock_ordered_qnty`, `wh_prod_cost_price`, `wh_prod_sell_price`, `wh_prod_margin_price`, `wh_prod_price_currency`, `wh_prod_margin_percentage`, `wh_max_delivery_days`, `wh_min_delivery_days`, `wh_max_qnty_storage`, `wh_prod_qnty_sold`) VALUES (2, 12, 8, 2, 8, 0, 1100, 1265, 165, 'GBP', 15, 7, 2, 20, 0);
INSERT INTO `wholesaler_products_stock` (`wh_id`, `wh_prod_id`, `wh_stock_up_thr_qnty`, `wh_stock_low_thr_qnty`, `wh_stock_available_qnty`, `wh_stock_ordered_qnty`, `wh_prod_cost_price`, `wh_prod_sell_price`, `wh_prod_margin_price`, `wh_prod_price_currency`, `wh_prod_margin_percentage`, `wh_max_delivery_days`, `wh_min_delivery_days`, `wh_max_qnty_storage`, `wh_prod_qnty_sold`) VALUES (3, 1, 7, 2, 7, 0, 420, 483, 63, 'GBP', 15, 8, 3, 20, 0);
INSERT INTO `wholesaler_products_stock` (`wh_id`, `wh_prod_id`, `wh_stock_up_thr_qnty`, `wh_stock_low_thr_qnty`, `wh_stock_available_qnty`, `wh_stock_ordered_qnty`, `wh_prod_cost_price`, `wh_prod_sell_price`, `wh_prod_margin_price`, `wh_prod_price_currency`, `wh_prod_margin_percentage`, `wh_max_delivery_days`, `wh_min_delivery_days`, `wh_max_qnty_storage`, `wh_prod_qnty_sold`) VALUES (3, 2, 7, 2, 7, 0, 480, 552, 72, 'GBP', 15, 8, 3, 20, 0);
INSERT INTO `wholesaler_products_stock` (`wh_id`, `wh_prod_id`, `wh_stock_up_thr_qnty`, `wh_stock_low_thr_qnty`, `wh_stock_available_qnty`, `wh_stock_ordered_qnty`, `wh_prod_cost_price`, `wh_prod_sell_price`, `wh_prod_margin_price`, `wh_prod_price_currency`, `wh_prod_margin_percentage`, `wh_max_delivery_days`, `wh_min_delivery_days`, `wh_max_qnty_storage`, `wh_prod_qnty_sold`) VALUES (3, 3, 7, 2, 7, 0, 550, 632.5, 82.5, 'GBP', 15, 8, 3, 20, 0);
INSERT INTO `wholesaler_products_stock` (`wh_id`, `wh_prod_id`, `wh_stock_up_thr_qnty`, `wh_stock_low_thr_qnty`, `wh_stock_available_qnty`, `wh_stock_ordered_qnty`, `wh_prod_cost_price`, `wh_prod_sell_price`, `wh_prod_margin_price`, `wh_prod_price_currency`, `wh_prod_margin_percentage`, `wh_max_delivery_days`, `wh_min_delivery_days`, `wh_max_qnty_storage`, `wh_prod_qnty_sold`) VALUES (3, 4, 7, 2, 7, 0, 590, 678.5, 88.5, 'GBP', 15, 8, 3, 20, 0);
INSERT INTO `wholesaler_products_stock` (`wh_id`, `wh_prod_id`, `wh_stock_up_thr_qnty`, `wh_stock_low_thr_qnty`, `wh_stock_available_qnty`, `wh_stock_ordered_qnty`, `wh_prod_cost_price`, `wh_prod_sell_price`, `wh_prod_margin_price`, `wh_prod_price_currency`, `wh_prod_margin_percentage`, `wh_max_delivery_days`, `wh_min_delivery_days`, `wh_max_qnty_storage`, `wh_prod_qnty_sold`) VALUES (3, 5, 7, 2, 7, 0, 640, 736, 96, 'GBP', 15, 8, 3, 20, 0);
INSERT INTO `wholesaler_products_stock` (`wh_id`, `wh_prod_id`, `wh_stock_up_thr_qnty`, `wh_stock_low_thr_qnty`, `wh_stock_available_qnty`, `wh_stock_ordered_qnty`, `wh_prod_cost_price`, `wh_prod_sell_price`, `wh_prod_margin_price`, `wh_prod_price_currency`, `wh_prod_margin_percentage`, `wh_max_delivery_days`, `wh_min_delivery_days`, `wh_max_qnty_storage`, `wh_prod_qnty_sold`) VALUES (3, 6, 7, 2, 7, 0, 700, 805, 105, 'GBP', 15, 8, 3, 20, 0);
INSERT INTO `wholesaler_products_stock` (`wh_id`, `wh_prod_id`, `wh_stock_up_thr_qnty`, `wh_stock_low_thr_qnty`, `wh_stock_available_qnty`, `wh_stock_ordered_qnty`, `wh_prod_cost_price`, `wh_prod_sell_price`, `wh_prod_margin_price`, `wh_prod_price_currency`, `wh_prod_margin_percentage`, `wh_max_delivery_days`, `wh_min_delivery_days`, `wh_max_qnty_storage`, `wh_prod_qnty_sold`) VALUES (3, 7, 7, 2, 7, 0, 770, 885.5, 115.5, 'GBP', 15, 8, 3, 20, 0);
INSERT INTO `wholesaler_products_stock` (`wh_id`, `wh_prod_id`, `wh_stock_up_thr_qnty`, `wh_stock_low_thr_qnty`, `wh_stock_available_qnty`, `wh_stock_ordered_qnty`, `wh_prod_cost_price`, `wh_prod_sell_price`, `wh_prod_margin_price`, `wh_prod_price_currency`, `wh_prod_margin_percentage`, `wh_max_delivery_days`, `wh_min_delivery_days`, `wh_max_qnty_storage`, `wh_prod_qnty_sold`) VALUES (3, 8, 7, 2, 7, 0, 800, 920, 120, 'GBP', 15, 8, 3, 20, 0);
INSERT INTO `wholesaler_products_stock` (`wh_id`, `wh_prod_id`, `wh_stock_up_thr_qnty`, `wh_stock_low_thr_qnty`, `wh_stock_available_qnty`, `wh_stock_ordered_qnty`, `wh_prod_cost_price`, `wh_prod_sell_price`, `wh_prod_margin_price`, `wh_prod_price_currency`, `wh_prod_margin_percentage`, `wh_max_delivery_days`, `wh_min_delivery_days`, `wh_max_qnty_storage`, `wh_prod_qnty_sold`) VALUES (3, 9, 7, 2, 7, 0, 870, 1000.5, 130.5, 'GBP', 15, 8, 3, 20, 0);
INSERT INTO `wholesaler_products_stock` (`wh_id`, `wh_prod_id`, `wh_stock_up_thr_qnty`, `wh_stock_low_thr_qnty`, `wh_stock_available_qnty`, `wh_stock_ordered_qnty`, `wh_prod_cost_price`, `wh_prod_sell_price`, `wh_prod_margin_price`, `wh_prod_price_currency`, `wh_prod_margin_percentage`, `wh_max_delivery_days`, `wh_min_delivery_days`, `wh_max_qnty_storage`, `wh_prod_qnty_sold`) VALUES (3, 10, 7, 2, 7, 0, 900, 1035, 135, 'GBP', 15, 8, 3, 20, 0);
INSERT INTO `wholesaler_products_stock` (`wh_id`, `wh_prod_id`, `wh_stock_up_thr_qnty`, `wh_stock_low_thr_qnty`, `wh_stock_available_qnty`, `wh_stock_ordered_qnty`, `wh_prod_cost_price`, `wh_prod_sell_price`, `wh_prod_margin_price`, `wh_prod_price_currency`, `wh_prod_margin_percentage`, `wh_max_delivery_days`, `wh_min_delivery_days`, `wh_max_qnty_storage`, `wh_prod_qnty_sold`) VALUES (3, 11, 7, 2, 7, 0, 1050, 1207.5, 157.5, 'GBP', 15, 8, 3, 20, 0);
INSERT INTO `wholesaler_products_stock` (`wh_id`, `wh_prod_id`, `wh_stock_up_thr_qnty`, `wh_stock_low_thr_qnty`, `wh_stock_available_qnty`, `wh_stock_ordered_qnty`, `wh_prod_cost_price`, `wh_prod_sell_price`, `wh_prod_margin_price`, `wh_prod_price_currency`, `wh_prod_margin_percentage`, `wh_max_delivery_days`, `wh_min_delivery_days`, `wh_max_qnty_storage`, `wh_prod_qnty_sold`) VALUES (3, 12, 7, 2, 7, 0, 1200, 1380, 180, 'GBP', 15, 8, 3, 20, 0);
INSERT INTO `wholesaler_products_stock` (`wh_id`, `wh_prod_id`, `wh_stock_up_thr_qnty`, `wh_stock_low_thr_qnty`, `wh_stock_available_qnty`, `wh_stock_ordered_qnty`, `wh_prod_cost_price`, `wh_prod_sell_price`, `wh_prod_margin_price`, `wh_prod_price_currency`, `wh_prod_margin_percentage`, `wh_max_delivery_days`, `wh_min_delivery_days`, `wh_max_qnty_storage`, `wh_prod_qnty_sold`) VALUES (4, 1, 6, 2, 6, 0, 530, 609.5, 79.5, 'GBP', 15, 9, 4, 15, 0);
INSERT INTO `wholesaler_products_stock` (`wh_id`, `wh_prod_id`, `wh_stock_up_thr_qnty`, `wh_stock_low_thr_qnty`, `wh_stock_available_qnty`, `wh_stock_ordered_qnty`, `wh_prod_cost_price`, `wh_prod_sell_price`, `wh_prod_margin_price`, `wh_prod_price_currency`, `wh_prod_margin_percentage`, `wh_max_delivery_days`, `wh_min_delivery_days`, `wh_max_qnty_storage`, `wh_prod_qnty_sold`) VALUES (4, 2, 6, 2, 6, 0, 580, 667, 87, 'GBP', 15, 9, 4, 15, 0);
INSERT INTO `wholesaler_products_stock` (`wh_id`, `wh_prod_id`, `wh_stock_up_thr_qnty`, `wh_stock_low_thr_qnty`, `wh_stock_available_qnty`, `wh_stock_ordered_qnty`, `wh_prod_cost_price`, `wh_prod_sell_price`, `wh_prod_margin_price`, `wh_prod_price_currency`, `wh_prod_margin_percentage`, `wh_max_delivery_days`, `wh_min_delivery_days`, `wh_max_qnty_storage`, `wh_prod_qnty_sold`) VALUES (4, 3, 6, 2, 6, 0, 630, 724.5, 94.5, 'GBP', 15, 9, 4, 15, 0);
INSERT INTO `wholesaler_products_stock` (`wh_id`, `wh_prod_id`, `wh_stock_up_thr_qnty`, `wh_stock_low_thr_qnty`, `wh_stock_available_qnty`, `wh_stock_ordered_qnty`, `wh_prod_cost_price`, `wh_prod_sell_price`, `wh_prod_margin_price`, `wh_prod_price_currency`, `wh_prod_margin_percentage`, `wh_max_delivery_days`, `wh_min_delivery_days`, `wh_max_qnty_storage`, `wh_prod_qnty_sold`) VALUES (4, 4, 6, 2, 6, 0, 680, 782, 102, 'GBP', 15, 9, 4, 15, 0);
INSERT INTO `wholesaler_products_stock` (`wh_id`, `wh_prod_id`, `wh_stock_up_thr_qnty`, `wh_stock_low_thr_qnty`, `wh_stock_available_qnty`, `wh_stock_ordered_qnty`, `wh_prod_cost_price`, `wh_prod_sell_price`, `wh_prod_margin_price`, `wh_prod_price_currency`, `wh_prod_margin_percentage`, `wh_max_delivery_days`, `wh_min_delivery_days`, `wh_max_qnty_storage`, `wh_prod_qnty_sold`) VALUES (4, 5, 6, 2, 6, 0, 730, 839.5, 109.5, 'GBP', 15, 9, 4, 15, 0);
INSERT INTO `wholesaler_products_stock` (`wh_id`, `wh_prod_id`, `wh_stock_up_thr_qnty`, `wh_stock_low_thr_qnty`, `wh_stock_available_qnty`, `wh_stock_ordered_qnty`, `wh_prod_cost_price`, `wh_prod_sell_price`, `wh_prod_margin_price`, `wh_prod_price_currency`, `wh_prod_margin_percentage`, `wh_max_delivery_days`, `wh_min_delivery_days`, `wh_max_qnty_storage`, `wh_prod_qnty_sold`) VALUES (4, 6, 6, 2, 6, 0, 750, 862.5, 112.5, 'GBP', 15, 9, 4, 15, 0);
INSERT INTO `wholesaler_products_stock` (`wh_id`, `wh_prod_id`, `wh_stock_up_thr_qnty`, `wh_stock_low_thr_qnty`, `wh_stock_available_qnty`, `wh_stock_ordered_qnty`, `wh_prod_cost_price`, `wh_prod_sell_price`, `wh_prod_margin_price`, `wh_prod_price_currency`, `wh_prod_margin_percentage`, `wh_max_delivery_days`, `wh_min_delivery_days`, `wh_max_qnty_storage`, `wh_prod_qnty_sold`) VALUES (4, 7, 6, 2, 6, 0, 790, 908.5, 118.5, 'GBP', 15, 9, 4, 15, 0);
INSERT INTO `wholesaler_products_stock` (`wh_id`, `wh_prod_id`, `wh_stock_up_thr_qnty`, `wh_stock_low_thr_qnty`, `wh_stock_available_qnty`, `wh_stock_ordered_qnty`, `wh_prod_cost_price`, `wh_prod_sell_price`, `wh_prod_margin_price`, `wh_prod_price_currency`, `wh_prod_margin_percentage`, `wh_max_delivery_days`, `wh_min_delivery_days`, `wh_max_qnty_storage`, `wh_prod_qnty_sold`) VALUES (4, 8, 6, 2, 6, 0, 850, 977.5, 127.5, 'GBP', 15, 9, 4, 15, 0);
INSERT INTO `wholesaler_products_stock` (`wh_id`, `wh_prod_id`, `wh_stock_up_thr_qnty`, `wh_stock_low_thr_qnty`, `wh_stock_available_qnty`, `wh_stock_ordered_qnty`, `wh_prod_cost_price`, `wh_prod_sell_price`, `wh_prod_margin_price`, `wh_prod_price_currency`, `wh_prod_margin_percentage`, `wh_max_delivery_days`, `wh_min_delivery_days`, `wh_max_qnty_storage`, `wh_prod_qnty_sold`) VALUES (4, 9, 6, 2, 6, 0, 920, 1058, 138, 'GBP', 15, 9, 4, 15, 0);
INSERT INTO `wholesaler_products_stock` (`wh_id`, `wh_prod_id`, `wh_stock_up_thr_qnty`, `wh_stock_low_thr_qnty`, `wh_stock_available_qnty`, `wh_stock_ordered_qnty`, `wh_prod_cost_price`, `wh_prod_sell_price`, `wh_prod_margin_price`, `wh_prod_price_currency`, `wh_prod_margin_percentage`, `wh_max_delivery_days`, `wh_min_delivery_days`, `wh_max_qnty_storage`, `wh_prod_qnty_sold`) VALUES (4, 10, 6, 2, 6, 0, 980, 1127, 147, 'GBP', 15, 9, 4, 15, 0);
INSERT INTO `wholesaler_products_stock` (`wh_id`, `wh_prod_id`, `wh_stock_up_thr_qnty`, `wh_stock_low_thr_qnty`, `wh_stock_available_qnty`, `wh_stock_ordered_qnty`, `wh_prod_cost_price`, `wh_prod_sell_price`, `wh_prod_margin_price`, `wh_prod_price_currency`, `wh_prod_margin_percentage`, `wh_max_delivery_days`, `wh_min_delivery_days`, `wh_max_qnty_storage`, `wh_prod_qnty_sold`) VALUES (4, 11, 6, 2, 6, 0, 1020, 1173, 153, 'GBP', 15, 9, 4, 15, 0);
INSERT INTO `wholesaler_products_stock` (`wh_id`, `wh_prod_id`, `wh_stock_up_thr_qnty`, `wh_stock_low_thr_qnty`, `wh_stock_available_qnty`, `wh_stock_ordered_qnty`, `wh_prod_cost_price`, `wh_prod_sell_price`, `wh_prod_margin_price`, `wh_prod_price_currency`, `wh_prod_margin_percentage`, `wh_max_delivery_days`, `wh_min_delivery_days`, `wh_max_qnty_storage`, `wh_prod_qnty_sold`) VALUES (4, 12, 6, 2, 6, 0, 1090, 1253.5, 163.5, 'GBP', 15, 9, 4, 15, 0);
INSERT INTO `wholesaler_products_stock` (`wh_id`, `wh_prod_id`, `wh_stock_up_thr_qnty`, `wh_stock_low_thr_qnty`, `wh_stock_available_qnty`, `wh_stock_ordered_qnty`, `wh_prod_cost_price`, `wh_prod_sell_price`, `wh_prod_margin_price`, `wh_prod_price_currency`, `wh_prod_margin_percentage`, `wh_max_delivery_days`, `wh_min_delivery_days`, `wh_max_qnty_storage`, `wh_prod_qnty_sold`) VALUES (5, 1, 5, 2, 5, 0, 550, 632.5, 82.5, 'GBP', 15, 9, 5, 25, 0);
INSERT INTO `wholesaler_products_stock` (`wh_id`, `wh_prod_id`, `wh_stock_up_thr_qnty`, `wh_stock_low_thr_qnty`, `wh_stock_available_qnty`, `wh_stock_ordered_qnty`, `wh_prod_cost_price`, `wh_prod_sell_price`, `wh_prod_margin_price`, `wh_prod_price_currency`, `wh_prod_margin_percentage`, `wh_max_delivery_days`, `wh_min_delivery_days`, `wh_max_qnty_storage`, `wh_prod_qnty_sold`) VALUES (5, 2, 5, 2, 5, 0, 590, 678.5, 88.5, 'GBP', 15, 9, 5, 25, 0);
INSERT INTO `wholesaler_products_stock` (`wh_id`, `wh_prod_id`, `wh_stock_up_thr_qnty`, `wh_stock_low_thr_qnty`, `wh_stock_available_qnty`, `wh_stock_ordered_qnty`, `wh_prod_cost_price`, `wh_prod_sell_price`, `wh_prod_margin_price`, `wh_prod_price_currency`, `wh_prod_margin_percentage`, `wh_max_delivery_days`, `wh_min_delivery_days`, `wh_max_qnty_storage`, `wh_prod_qnty_sold`) VALUES (5, 3, 5, 2, 5, 0, 620, 713, 93, 'GBP', 15, 9, 5, 25, 0);
INSERT INTO `wholesaler_products_stock` (`wh_id`, `wh_prod_id`, `wh_stock_up_thr_qnty`, `wh_stock_low_thr_qnty`, `wh_stock_available_qnty`, `wh_stock_ordered_qnty`, `wh_prod_cost_price`, `wh_prod_sell_price`, `wh_prod_margin_price`, `wh_prod_price_currency`, `wh_prod_margin_percentage`, `wh_max_delivery_days`, `wh_min_delivery_days`, `wh_max_qnty_storage`, `wh_prod_qnty_sold`) VALUES (5, 4, 5, 2, 5, 0, 680, 782, 102, 'GBP', 15, 9, 5, 25, 0);
INSERT INTO `wholesaler_products_stock` (`wh_id`, `wh_prod_id`, `wh_stock_up_thr_qnty`, `wh_stock_low_thr_qnty`, `wh_stock_available_qnty`, `wh_stock_ordered_qnty`, `wh_prod_cost_price`, `wh_prod_sell_price`, `wh_prod_margin_price`, `wh_prod_price_currency`, `wh_prod_margin_percentage`, `wh_max_delivery_days`, `wh_min_delivery_days`, `wh_max_qnty_storage`, `wh_prod_qnty_sold`) VALUES (5, 5, 5, 2, 5, 0, 750, 862.5, 112.5, 'GBP', 15, 9, 5, 25, 0);
INSERT INTO `wholesaler_products_stock` (`wh_id`, `wh_prod_id`, `wh_stock_up_thr_qnty`, `wh_stock_low_thr_qnty`, `wh_stock_available_qnty`, `wh_stock_ordered_qnty`, `wh_prod_cost_price`, `wh_prod_sell_price`, `wh_prod_margin_price`, `wh_prod_price_currency`, `wh_prod_margin_percentage`, `wh_max_delivery_days`, `wh_min_delivery_days`, `wh_max_qnty_storage`, `wh_prod_qnty_sold`) VALUES (5, 6, 5, 2, 5, 0, 790, 908.5, 118.5, 'GBP', 15, 9, 5, 25, 0);
INSERT INTO `wholesaler_products_stock` (`wh_id`, `wh_prod_id`, `wh_stock_up_thr_qnty`, `wh_stock_low_thr_qnty`, `wh_stock_available_qnty`, `wh_stock_ordered_qnty`, `wh_prod_cost_price`, `wh_prod_sell_price`, `wh_prod_margin_price`, `wh_prod_price_currency`, `wh_prod_margin_percentage`, `wh_max_delivery_days`, `wh_min_delivery_days`, `wh_max_qnty_storage`, `wh_prod_qnty_sold`) VALUES (5, 7, 5, 2, 5, 0, 850, 977.5, 127.5, 'GBP', 15, 9, 5, 25, 0);
INSERT INTO `wholesaler_products_stock` (`wh_id`, `wh_prod_id`, `wh_stock_up_thr_qnty`, `wh_stock_low_thr_qnty`, `wh_stock_available_qnty`, `wh_stock_ordered_qnty`, `wh_prod_cost_price`, `wh_prod_sell_price`, `wh_prod_margin_price`, `wh_prod_price_currency`, `wh_prod_margin_percentage`, `wh_max_delivery_days`, `wh_min_delivery_days`, `wh_max_qnty_storage`, `wh_prod_qnty_sold`) VALUES (5, 8, 5, 2, 5, 0, 890, 1023.5, 133.5, 'GBP', 15, 9, 5, 25, 0);
INSERT INTO `wholesaler_products_stock` (`wh_id`, `wh_prod_id`, `wh_stock_up_thr_qnty`, `wh_stock_low_thr_qnty`, `wh_stock_available_qnty`, `wh_stock_ordered_qnty`, `wh_prod_cost_price`, `wh_prod_sell_price`, `wh_prod_margin_price`, `wh_prod_price_currency`, `wh_prod_margin_percentage`, `wh_max_delivery_days`, `wh_min_delivery_days`, `wh_max_qnty_storage`, `wh_prod_qnty_sold`) VALUES (5, 9, 5, 2, 5, 0, 940, 1081, 141, 'GBP', 15, 9, 5, 25, 0);
INSERT INTO `wholesaler_products_stock` (`wh_id`, `wh_prod_id`, `wh_stock_up_thr_qnty`, `wh_stock_low_thr_qnty`, `wh_stock_available_qnty`, `wh_stock_ordered_qnty`, `wh_prod_cost_price`, `wh_prod_sell_price`, `wh_prod_margin_price`, `wh_prod_price_currency`, `wh_prod_margin_percentage`, `wh_max_delivery_days`, `wh_min_delivery_days`, `wh_max_qnty_storage`, `wh_prod_qnty_sold`) VALUES (5, 10, 5, 2, 5, 0, 970, 1115.5, 145.5, 'GBP', 15, 9, 5, 25, 0);
INSERT INTO `wholesaler_products_stock` (`wh_id`, `wh_prod_id`, `wh_stock_up_thr_qnty`, `wh_stock_low_thr_qnty`, `wh_stock_available_qnty`, `wh_stock_ordered_qnty`, `wh_prod_cost_price`, `wh_prod_sell_price`, `wh_prod_margin_price`, `wh_prod_price_currency`, `wh_prod_margin_percentage`, `wh_max_delivery_days`, `wh_min_delivery_days`, `wh_max_qnty_storage`, `wh_prod_qnty_sold`) VALUES (5, 11, 5, 2, 5, 0, 1000, 1150, 150, 'GBP', 15, 9, 5, 25, 0);
INSERT INTO `wholesaler_products_stock` (`wh_id`, `wh_prod_id`, `wh_stock_up_thr_qnty`, `wh_stock_low_thr_qnty`, `wh_stock_available_qnty`, `wh_stock_ordered_qnty`, `wh_prod_cost_price`, `wh_prod_sell_price`, `wh_prod_margin_price`, `wh_prod_price_currency`, `wh_prod_margin_percentage`, `wh_max_delivery_days`, `wh_min_delivery_days`, `wh_max_qnty_storage`, `wh_prod_qnty_sold`) VALUES (5, 12, 5, 2, 5, 0, 1090, 1253.5, 163.5, 'GBP', 15, 9, 5, 25, 0);
INSERT INTO `wholesaler_products_stock` (`wh_id`, `wh_prod_id`, `wh_stock_up_thr_qnty`, `wh_stock_low_thr_qnty`, `wh_stock_available_qnty`, `wh_stock_ordered_qnty`, `wh_prod_cost_price`, `wh_prod_sell_price`, `wh_prod_margin_price`, `wh_prod_price_currency`, `wh_prod_margin_percentage`, `wh_max_delivery_days`, `wh_min_delivery_days`, `wh_max_qnty_storage`, `wh_prod_qnty_sold`) VALUES (1, 29, 10, 2, 10, 0, 260, 299, 39, 'GBP', 15, 5, 1, 15, 0);
INSERT INTO `wholesaler_products_stock` (`wh_id`, `wh_prod_id`, `wh_stock_up_thr_qnty`, `wh_stock_low_thr_qnty`, `wh_stock_available_qnty`, `wh_stock_ordered_qnty`, `wh_prod_cost_price`, `wh_prod_sell_price`, `wh_prod_margin_price`, `wh_prod_price_currency`, `wh_prod_margin_percentage`, `wh_max_delivery_days`, `wh_min_delivery_days`, `wh_max_qnty_storage`, `wh_prod_qnty_sold`) VALUES (1, 30, 10, 2, 10, 0, 240, 276, 36, 'GBP', 15, 5, 1, 15, 0);
INSERT INTO `wholesaler_products_stock` (`wh_id`, `wh_prod_id`, `wh_stock_up_thr_qnty`, `wh_stock_low_thr_qnty`, `wh_stock_available_qnty`, `wh_stock_ordered_qnty`, `wh_prod_cost_price`, `wh_prod_sell_price`, `wh_prod_margin_price`, `wh_prod_price_currency`, `wh_prod_margin_percentage`, `wh_max_delivery_days`, `wh_min_delivery_days`, `wh_max_qnty_storage`, `wh_prod_qnty_sold`) VALUES (1, 31, 10, 2, 10, 0, 220, 253, 33, 'GBP', 15, 5, 1, 15, 0);
INSERT INTO `wholesaler_products_stock` (`wh_id`, `wh_prod_id`, `wh_stock_up_thr_qnty`, `wh_stock_low_thr_qnty`, `wh_stock_available_qnty`, `wh_stock_ordered_qnty`, `wh_prod_cost_price`, `wh_prod_sell_price`, `wh_prod_margin_price`, `wh_prod_price_currency`, `wh_prod_margin_percentage`, `wh_max_delivery_days`, `wh_min_delivery_days`, `wh_max_qnty_storage`, `wh_prod_qnty_sold`) VALUES (1, 32, 10, 2, 10, 0, 200, 230, 30, 'GBP', 15, 5, 1, 15, 0);
INSERT INTO `wholesaler_products_stock` (`wh_id`, `wh_prod_id`, `wh_stock_up_thr_qnty`, `wh_stock_low_thr_qnty`, `wh_stock_available_qnty`, `wh_stock_ordered_qnty`, `wh_prod_cost_price`, `wh_prod_sell_price`, `wh_prod_margin_price`, `wh_prod_price_currency`, `wh_prod_margin_percentage`, `wh_max_delivery_days`, `wh_min_delivery_days`, `wh_max_qnty_storage`, `wh_prod_qnty_sold`) VALUES (1, 33, 10, 2, 10, 0, 180, 207, 27, 'GBP', 15, 5, 1, 15, 0);
INSERT INTO `wholesaler_products_stock` (`wh_id`, `wh_prod_id`, `wh_stock_up_thr_qnty`, `wh_stock_low_thr_qnty`, `wh_stock_available_qnty`, `wh_stock_ordered_qnty`, `wh_prod_cost_price`, `wh_prod_sell_price`, `wh_prod_margin_price`, `wh_prod_price_currency`, `wh_prod_margin_percentage`, `wh_max_delivery_days`, `wh_min_delivery_days`, `wh_max_qnty_storage`, `wh_prod_qnty_sold`) VALUES (1, 34, 10, 2, 10, 0, 160, 184, 24, 'GBP', 15, 5, 1, 15, 0);
INSERT INTO `wholesaler_products_stock` (`wh_id`, `wh_prod_id`, `wh_stock_up_thr_qnty`, `wh_stock_low_thr_qnty`, `wh_stock_available_qnty`, `wh_stock_ordered_qnty`, `wh_prod_cost_price`, `wh_prod_sell_price`, `wh_prod_margin_price`, `wh_prod_price_currency`, `wh_prod_margin_percentage`, `wh_max_delivery_days`, `wh_min_delivery_days`, `wh_max_qnty_storage`, `wh_prod_qnty_sold`) VALUES (1, 35, 10, 2, 10, 0, 140, 161, 21, 'GBP', 15, 5, 1, 15, 0);
INSERT INTO `wholesaler_products_stock` (`wh_id`, `wh_prod_id`, `wh_stock_up_thr_qnty`, `wh_stock_low_thr_qnty`, `wh_stock_available_qnty`, `wh_stock_ordered_qnty`, `wh_prod_cost_price`, `wh_prod_sell_price`, `wh_prod_margin_price`, `wh_prod_price_currency`, `wh_prod_margin_percentage`, `wh_max_delivery_days`, `wh_min_delivery_days`, `wh_max_qnty_storage`, `wh_prod_qnty_sold`) VALUES (1, 36, 10, 2, 10, 0, 120, 138, 18, 'GBP', 15, 5, 1, 15, 0);
INSERT INTO `wholesaler_products_stock` (`wh_id`, `wh_prod_id`, `wh_stock_up_thr_qnty`, `wh_stock_low_thr_qnty`, `wh_stock_available_qnty`, `wh_stock_ordered_qnty`, `wh_prod_cost_price`, `wh_prod_sell_price`, `wh_prod_margin_price`, `wh_prod_price_currency`, `wh_prod_margin_percentage`, `wh_max_delivery_days`, `wh_min_delivery_days`, `wh_max_qnty_storage`, `wh_prod_qnty_sold`) VALUES (1, 37, 10, 2, 10, 0, 100, 115, 15, 'GBP', 15, 5, 1, 15, 0);
INSERT INTO `wholesaler_products_stock` (`wh_id`, `wh_prod_id`, `wh_stock_up_thr_qnty`, `wh_stock_low_thr_qnty`, `wh_stock_available_qnty`, `wh_stock_ordered_qnty`, `wh_prod_cost_price`, `wh_prod_sell_price`, `wh_prod_margin_price`, `wh_prod_price_currency`, `wh_prod_margin_percentage`, `wh_max_delivery_days`, `wh_min_delivery_days`, `wh_max_qnty_storage`, `wh_prod_qnty_sold`) VALUES (2, 29, 20, 5, 20, 0, 260, 286, 26, 'GBP', 10, 6, 2, 30, 0);
INSERT INTO `wholesaler_products_stock` (`wh_id`, `wh_prod_id`, `wh_stock_up_thr_qnty`, `wh_stock_low_thr_qnty`, `wh_stock_available_qnty`, `wh_stock_ordered_qnty`, `wh_prod_cost_price`, `wh_prod_sell_price`, `wh_prod_margin_price`, `wh_prod_price_currency`, `wh_prod_margin_percentage`, `wh_max_delivery_days`, `wh_min_delivery_days`, `wh_max_qnty_storage`, `wh_prod_qnty_sold`) VALUES (2, 30, 20, 5, 20, 0, 240, 264, 24, 'GBP', 10, 6, 2, 30, 0);
INSERT INTO `wholesaler_products_stock` (`wh_id`, `wh_prod_id`, `wh_stock_up_thr_qnty`, `wh_stock_low_thr_qnty`, `wh_stock_available_qnty`, `wh_stock_ordered_qnty`, `wh_prod_cost_price`, `wh_prod_sell_price`, `wh_prod_margin_price`, `wh_prod_price_currency`, `wh_prod_margin_percentage`, `wh_max_delivery_days`, `wh_min_delivery_days`, `wh_max_qnty_storage`, `wh_prod_qnty_sold`) VALUES (2, 31, 20, 5, 20, 0, 220, 242, 22, 'GBP', 10, 6, 2, 30, 0);
INSERT INTO `wholesaler_products_stock` (`wh_id`, `wh_prod_id`, `wh_stock_up_thr_qnty`, `wh_stock_low_thr_qnty`, `wh_stock_available_qnty`, `wh_stock_ordered_qnty`, `wh_prod_cost_price`, `wh_prod_sell_price`, `wh_prod_margin_price`, `wh_prod_price_currency`, `wh_prod_margin_percentage`, `wh_max_delivery_days`, `wh_min_delivery_days`, `wh_max_qnty_storage`, `wh_prod_qnty_sold`) VALUES (2, 32, 20, 5, 20, 0, 200, 220, 20, 'GBP', 10, 6, 2, 30, 0);
INSERT INTO `wholesaler_products_stock` (`wh_id`, `wh_prod_id`, `wh_stock_up_thr_qnty`, `wh_stock_low_thr_qnty`, `wh_stock_available_qnty`, `wh_stock_ordered_qnty`, `wh_prod_cost_price`, `wh_prod_sell_price`, `wh_prod_margin_price`, `wh_prod_price_currency`, `wh_prod_margin_percentage`, `wh_max_delivery_days`, `wh_min_delivery_days`, `wh_max_qnty_storage`, `wh_prod_qnty_sold`) VALUES (2, 33, 20, 5, 20, 0, 180, 198, 18, 'GBP', 10, 6, 2, 30, 0);
INSERT INTO `wholesaler_products_stock` (`wh_id`, `wh_prod_id`, `wh_stock_up_thr_qnty`, `wh_stock_low_thr_qnty`, `wh_stock_available_qnty`, `wh_stock_ordered_qnty`, `wh_prod_cost_price`, `wh_prod_sell_price`, `wh_prod_margin_price`, `wh_prod_price_currency`, `wh_prod_margin_percentage`, `wh_max_delivery_days`, `wh_min_delivery_days`, `wh_max_qnty_storage`, `wh_prod_qnty_sold`) VALUES (2, 34, 20, 5, 20, 0, 160, 176, 16, 'GBP', 10, 6, 2, 30, 0);
INSERT INTO `wholesaler_products_stock` (`wh_id`, `wh_prod_id`, `wh_stock_up_thr_qnty`, `wh_stock_low_thr_qnty`, `wh_stock_available_qnty`, `wh_stock_ordered_qnty`, `wh_prod_cost_price`, `wh_prod_sell_price`, `wh_prod_margin_price`, `wh_prod_price_currency`, `wh_prod_margin_percentage`, `wh_max_delivery_days`, `wh_min_delivery_days`, `wh_max_qnty_storage`, `wh_prod_qnty_sold`) VALUES (2, 35, 20, 5, 20, 0, 140, 154, 14, 'GBP', 10, 6, 2, 30, 0);
INSERT INTO `wholesaler_products_stock` (`wh_id`, `wh_prod_id`, `wh_stock_up_thr_qnty`, `wh_stock_low_thr_qnty`, `wh_stock_available_qnty`, `wh_stock_ordered_qnty`, `wh_prod_cost_price`, `wh_prod_sell_price`, `wh_prod_margin_price`, `wh_prod_price_currency`, `wh_prod_margin_percentage`, `wh_max_delivery_days`, `wh_min_delivery_days`, `wh_max_qnty_storage`, `wh_prod_qnty_sold`) VALUES (2, 36, 20, 5, 20, 0, 120, 132, 12, 'GBP', 10, 6, 2, 30, 0);
INSERT INTO `wholesaler_products_stock` (`wh_id`, `wh_prod_id`, `wh_stock_up_thr_qnty`, `wh_stock_low_thr_qnty`, `wh_stock_available_qnty`, `wh_stock_ordered_qnty`, `wh_prod_cost_price`, `wh_prod_sell_price`, `wh_prod_margin_price`, `wh_prod_price_currency`, `wh_prod_margin_percentage`, `wh_max_delivery_days`, `wh_min_delivery_days`, `wh_max_qnty_storage`, `wh_prod_qnty_sold`) VALUES (2, 37, 20, 5, 20, 0, 100, 110, 10, 'GBP', 10, 6, 2, 30, 0);
INSERT INTO `wholesaler_products_stock` (`wh_id`, `wh_prod_id`, `wh_stock_up_thr_qnty`, `wh_stock_low_thr_qnty`, `wh_stock_available_qnty`, `wh_stock_ordered_qnty`, `wh_prod_cost_price`, `wh_prod_sell_price`, `wh_prod_margin_price`, `wh_prod_price_currency`, `wh_prod_margin_percentage`, `wh_max_delivery_days`, `wh_min_delivery_days`, `wh_max_qnty_storage`, `wh_prod_qnty_sold`) VALUES (3, 29, 10, 2, 10, 0, 260, 312, 52, 'GBP', 20, 7, 3, 15, 0);
INSERT INTO `wholesaler_products_stock` (`wh_id`, `wh_prod_id`, `wh_stock_up_thr_qnty`, `wh_stock_low_thr_qnty`, `wh_stock_available_qnty`, `wh_stock_ordered_qnty`, `wh_prod_cost_price`, `wh_prod_sell_price`, `wh_prod_margin_price`, `wh_prod_price_currency`, `wh_prod_margin_percentage`, `wh_max_delivery_days`, `wh_min_delivery_days`, `wh_max_qnty_storage`, `wh_prod_qnty_sold`) VALUES (3, 30, 10, 2, 10, 0, 240, 288, 48, 'GBP', 20, 7, 3, 15, 0);
INSERT INTO `wholesaler_products_stock` (`wh_id`, `wh_prod_id`, `wh_stock_up_thr_qnty`, `wh_stock_low_thr_qnty`, `wh_stock_available_qnty`, `wh_stock_ordered_qnty`, `wh_prod_cost_price`, `wh_prod_sell_price`, `wh_prod_margin_price`, `wh_prod_price_currency`, `wh_prod_margin_percentage`, `wh_max_delivery_days`, `wh_min_delivery_days`, `wh_max_qnty_storage`, `wh_prod_qnty_sold`) VALUES (3, 31, 10, 2, 10, 0, 220, 264, 44, 'GBP', 20, 7, 3, 15, 0);
INSERT INTO `wholesaler_products_stock` (`wh_id`, `wh_prod_id`, `wh_stock_up_thr_qnty`, `wh_stock_low_thr_qnty`, `wh_stock_available_qnty`, `wh_stock_ordered_qnty`, `wh_prod_cost_price`, `wh_prod_sell_price`, `wh_prod_margin_price`, `wh_prod_price_currency`, `wh_prod_margin_percentage`, `wh_max_delivery_days`, `wh_min_delivery_days`, `wh_max_qnty_storage`, `wh_prod_qnty_sold`) VALUES (3, 32, 10, 2, 10, 0, 200, 240, 40, 'GBP', 20, 7, 3, 15, 0);
INSERT INTO `wholesaler_products_stock` (`wh_id`, `wh_prod_id`, `wh_stock_up_thr_qnty`, `wh_stock_low_thr_qnty`, `wh_stock_available_qnty`, `wh_stock_ordered_qnty`, `wh_prod_cost_price`, `wh_prod_sell_price`, `wh_prod_margin_price`, `wh_prod_price_currency`, `wh_prod_margin_percentage`, `wh_max_delivery_days`, `wh_min_delivery_days`, `wh_max_qnty_storage`, `wh_prod_qnty_sold`) VALUES (3, 33, 10, 2, 10, 0, 180, 216, 36, 'GBP', 20, 7, 3, 15, 0);
INSERT INTO `wholesaler_products_stock` (`wh_id`, `wh_prod_id`, `wh_stock_up_thr_qnty`, `wh_stock_low_thr_qnty`, `wh_stock_available_qnty`, `wh_stock_ordered_qnty`, `wh_prod_cost_price`, `wh_prod_sell_price`, `wh_prod_margin_price`, `wh_prod_price_currency`, `wh_prod_margin_percentage`, `wh_max_delivery_days`, `wh_min_delivery_days`, `wh_max_qnty_storage`, `wh_prod_qnty_sold`) VALUES (3, 34, 10, 2, 10, 0, 160, 192, 32, 'GBP', 20, 7, 3, 15, 0);
INSERT INTO `wholesaler_products_stock` (`wh_id`, `wh_prod_id`, `wh_stock_up_thr_qnty`, `wh_stock_low_thr_qnty`, `wh_stock_available_qnty`, `wh_stock_ordered_qnty`, `wh_prod_cost_price`, `wh_prod_sell_price`, `wh_prod_margin_price`, `wh_prod_price_currency`, `wh_prod_margin_percentage`, `wh_max_delivery_days`, `wh_min_delivery_days`, `wh_max_qnty_storage`, `wh_prod_qnty_sold`) VALUES (3, 35, 10, 2, 10, 0, 140, 168, 28, 'GBP', 20, 7, 3, 15, 0);
INSERT INTO `wholesaler_products_stock` (`wh_id`, `wh_prod_id`, `wh_stock_up_thr_qnty`, `wh_stock_low_thr_qnty`, `wh_stock_available_qnty`, `wh_stock_ordered_qnty`, `wh_prod_cost_price`, `wh_prod_sell_price`, `wh_prod_margin_price`, `wh_prod_price_currency`, `wh_prod_margin_percentage`, `wh_max_delivery_days`, `wh_min_delivery_days`, `wh_max_qnty_storage`, `wh_prod_qnty_sold`) VALUES (3, 36, 10, 2, 10, 0, 120, 144, 24, 'GBP', 20, 7, 3, 15, 0);
INSERT INTO `wholesaler_products_stock` (`wh_id`, `wh_prod_id`, `wh_stock_up_thr_qnty`, `wh_stock_low_thr_qnty`, `wh_stock_available_qnty`, `wh_stock_ordered_qnty`, `wh_prod_cost_price`, `wh_prod_sell_price`, `wh_prod_margin_price`, `wh_prod_price_currency`, `wh_prod_margin_percentage`, `wh_max_delivery_days`, `wh_min_delivery_days`, `wh_max_qnty_storage`, `wh_prod_qnty_sold`) VALUES (3, 37, 10, 2, 10, 0, 100, 120, 20, 'GBP', 20, 7, 3, 15, 0);
INSERT INTO `wholesaler_products_stock` (`wh_id`, `wh_prod_id`, `wh_stock_up_thr_qnty`, `wh_stock_low_thr_qnty`, `wh_stock_available_qnty`, `wh_stock_ordered_qnty`, `wh_prod_cost_price`, `wh_prod_sell_price`, `wh_prod_margin_price`, `wh_prod_price_currency`, `wh_prod_margin_percentage`, `wh_max_delivery_days`, `wh_min_delivery_days`, `wh_max_qnty_storage`, `wh_prod_qnty_sold`) VALUES (4, 29, 10, 2, 10, 0, 260, 325, 65, 'GBP', 25, 8, 4, 15, 0);
INSERT INTO `wholesaler_products_stock` (`wh_id`, `wh_prod_id`, `wh_stock_up_thr_qnty`, `wh_stock_low_thr_qnty`, `wh_stock_available_qnty`, `wh_stock_ordered_qnty`, `wh_prod_cost_price`, `wh_prod_sell_price`, `wh_prod_margin_price`, `wh_prod_price_currency`, `wh_prod_margin_percentage`, `wh_max_delivery_days`, `wh_min_delivery_days`, `wh_max_qnty_storage`, `wh_prod_qnty_sold`) VALUES (4, 30, 10, 2, 10, 0, 240, 300, 60, 'GBP', 25, 8, 4, 15, 0);
INSERT INTO `wholesaler_products_stock` (`wh_id`, `wh_prod_id`, `wh_stock_up_thr_qnty`, `wh_stock_low_thr_qnty`, `wh_stock_available_qnty`, `wh_stock_ordered_qnty`, `wh_prod_cost_price`, `wh_prod_sell_price`, `wh_prod_margin_price`, `wh_prod_price_currency`, `wh_prod_margin_percentage`, `wh_max_delivery_days`, `wh_min_delivery_days`, `wh_max_qnty_storage`, `wh_prod_qnty_sold`) VALUES (4, 31, 10, 2, 10, 0, 220, 275, 55, 'GBP', 25, 8, 4, 15, 0);
INSERT INTO `wholesaler_products_stock` (`wh_id`, `wh_prod_id`, `wh_stock_up_thr_qnty`, `wh_stock_low_thr_qnty`, `wh_stock_available_qnty`, `wh_stock_ordered_qnty`, `wh_prod_cost_price`, `wh_prod_sell_price`, `wh_prod_margin_price`, `wh_prod_price_currency`, `wh_prod_margin_percentage`, `wh_max_delivery_days`, `wh_min_delivery_days`, `wh_max_qnty_storage`, `wh_prod_qnty_sold`) VALUES (4, 32, 10, 2, 10, 0, 200, 250, 50, 'GBP', 25, 8, 4, 15, 0);
INSERT INTO `wholesaler_products_stock` (`wh_id`, `wh_prod_id`, `wh_stock_up_thr_qnty`, `wh_stock_low_thr_qnty`, `wh_stock_available_qnty`, `wh_stock_ordered_qnty`, `wh_prod_cost_price`, `wh_prod_sell_price`, `wh_prod_margin_price`, `wh_prod_price_currency`, `wh_prod_margin_percentage`, `wh_max_delivery_days`, `wh_min_delivery_days`, `wh_max_qnty_storage`, `wh_prod_qnty_sold`) VALUES (4, 33, 10, 2, 10, 0, 180, 225, 45, 'GBP', 25, 8, 4, 15, 0);
INSERT INTO `wholesaler_products_stock` (`wh_id`, `wh_prod_id`, `wh_stock_up_thr_qnty`, `wh_stock_low_thr_qnty`, `wh_stock_available_qnty`, `wh_stock_ordered_qnty`, `wh_prod_cost_price`, `wh_prod_sell_price`, `wh_prod_margin_price`, `wh_prod_price_currency`, `wh_prod_margin_percentage`, `wh_max_delivery_days`, `wh_min_delivery_days`, `wh_max_qnty_storage`, `wh_prod_qnty_sold`) VALUES (4, 34, 10, 2, 10, 0, 160, 200, 40, 'GBP', 25, 8, 4, 15, 0);
INSERT INTO `wholesaler_products_stock` (`wh_id`, `wh_prod_id`, `wh_stock_up_thr_qnty`, `wh_stock_low_thr_qnty`, `wh_stock_available_qnty`, `wh_stock_ordered_qnty`, `wh_prod_cost_price`, `wh_prod_sell_price`, `wh_prod_margin_price`, `wh_prod_price_currency`, `wh_prod_margin_percentage`, `wh_max_delivery_days`, `wh_min_delivery_days`, `wh_max_qnty_storage`, `wh_prod_qnty_sold`) VALUES (4, 35, 10, 2, 10, 0, 140, 175, 35, 'GBP', 25, 8, 4, 15, 0);
INSERT INTO `wholesaler_products_stock` (`wh_id`, `wh_prod_id`, `wh_stock_up_thr_qnty`, `wh_stock_low_thr_qnty`, `wh_stock_available_qnty`, `wh_stock_ordered_qnty`, `wh_prod_cost_price`, `wh_prod_sell_price`, `wh_prod_margin_price`, `wh_prod_price_currency`, `wh_prod_margin_percentage`, `wh_max_delivery_days`, `wh_min_delivery_days`, `wh_max_qnty_storage`, `wh_prod_qnty_sold`) VALUES (4, 36, 10, 2, 10, 0, 120, 150, 30, 'GBP', 25, 8, 4, 15, 0);
INSERT INTO `wholesaler_products_stock` (`wh_id`, `wh_prod_id`, `wh_stock_up_thr_qnty`, `wh_stock_low_thr_qnty`, `wh_stock_available_qnty`, `wh_stock_ordered_qnty`, `wh_prod_cost_price`, `wh_prod_sell_price`, `wh_prod_margin_price`, `wh_prod_price_currency`, `wh_prod_margin_percentage`, `wh_max_delivery_days`, `wh_min_delivery_days`, `wh_max_qnty_storage`, `wh_prod_qnty_sold`) VALUES (4, 37, 10, 2, 10, 0, 100, 125, 25, 'GBP', 25, 8, 4, 15, 0);
INSERT INTO `wholesaler_products_stock` (`wh_id`, `wh_prod_id`, `wh_stock_up_thr_qnty`, `wh_stock_low_thr_qnty`, `wh_stock_available_qnty`, `wh_stock_ordered_qnty`, `wh_prod_cost_price`, `wh_prod_sell_price`, `wh_prod_margin_price`, `wh_prod_price_currency`, `wh_prod_margin_percentage`, `wh_max_delivery_days`, `wh_min_delivery_days`, `wh_max_qnty_storage`, `wh_prod_qnty_sold`) VALUES (5, 29, 10, 2, 10, 0, 260, 338, 78, 'GBP', 30, 9, 5, 15, 0);
INSERT INTO `wholesaler_products_stock` (`wh_id`, `wh_prod_id`, `wh_stock_up_thr_qnty`, `wh_stock_low_thr_qnty`, `wh_stock_available_qnty`, `wh_stock_ordered_qnty`, `wh_prod_cost_price`, `wh_prod_sell_price`, `wh_prod_margin_price`, `wh_prod_price_currency`, `wh_prod_margin_percentage`, `wh_max_delivery_days`, `wh_min_delivery_days`, `wh_max_qnty_storage`, `wh_prod_qnty_sold`) VALUES (5, 30, 10, 2, 10, 0, 240, 312, 72, 'GBP', 30, 9, 5, 15, 0);
INSERT INTO `wholesaler_products_stock` (`wh_id`, `wh_prod_id`, `wh_stock_up_thr_qnty`, `wh_stock_low_thr_qnty`, `wh_stock_available_qnty`, `wh_stock_ordered_qnty`, `wh_prod_cost_price`, `wh_prod_sell_price`, `wh_prod_margin_price`, `wh_prod_price_currency`, `wh_prod_margin_percentage`, `wh_max_delivery_days`, `wh_min_delivery_days`, `wh_max_qnty_storage`, `wh_prod_qnty_sold`) VALUES (5, 31, 10, 2, 10, 0, 220, 286, 66, 'GBP', 30, 9, 5, 15, 0);
INSERT INTO `wholesaler_products_stock` (`wh_id`, `wh_prod_id`, `wh_stock_up_thr_qnty`, `wh_stock_low_thr_qnty`, `wh_stock_available_qnty`, `wh_stock_ordered_qnty`, `wh_prod_cost_price`, `wh_prod_sell_price`, `wh_prod_margin_price`, `wh_prod_price_currency`, `wh_prod_margin_percentage`, `wh_max_delivery_days`, `wh_min_delivery_days`, `wh_max_qnty_storage`, `wh_prod_qnty_sold`) VALUES (5, 32, 10, 2, 10, 0, 200, 260, 60, 'GBP', 30, 9, 5, 15, 0);
INSERT INTO `wholesaler_products_stock` (`wh_id`, `wh_prod_id`, `wh_stock_up_thr_qnty`, `wh_stock_low_thr_qnty`, `wh_stock_available_qnty`, `wh_stock_ordered_qnty`, `wh_prod_cost_price`, `wh_prod_sell_price`, `wh_prod_margin_price`, `wh_prod_price_currency`, `wh_prod_margin_percentage`, `wh_max_delivery_days`, `wh_min_delivery_days`, `wh_max_qnty_storage`, `wh_prod_qnty_sold`) VALUES (5, 33, 10, 2, 10, 0, 180, 234, 54, 'GBP', 30, 9, 5, 15, 0);
INSERT INTO `wholesaler_products_stock` (`wh_id`, `wh_prod_id`, `wh_stock_up_thr_qnty`, `wh_stock_low_thr_qnty`, `wh_stock_available_qnty`, `wh_stock_ordered_qnty`, `wh_prod_cost_price`, `wh_prod_sell_price`, `wh_prod_margin_price`, `wh_prod_price_currency`, `wh_prod_margin_percentage`, `wh_max_delivery_days`, `wh_min_delivery_days`, `wh_max_qnty_storage`, `wh_prod_qnty_sold`) VALUES (5, 34, 10, 2, 10, 0, 160, 208, 48, 'GBP', 30, 9, 5, 15, 0);
INSERT INTO `wholesaler_products_stock` (`wh_id`, `wh_prod_id`, `wh_stock_up_thr_qnty`, `wh_stock_low_thr_qnty`, `wh_stock_available_qnty`, `wh_stock_ordered_qnty`, `wh_prod_cost_price`, `wh_prod_sell_price`, `wh_prod_margin_price`, `wh_prod_price_currency`, `wh_prod_margin_percentage`, `wh_max_delivery_days`, `wh_min_delivery_days`, `wh_max_qnty_storage`, `wh_prod_qnty_sold`) VALUES (5, 35, 10, 2, 10, 0, 140, 182, 42, 'GBP', 30, 9, 5, 15, 0);
INSERT INTO `wholesaler_products_stock` (`wh_id`, `wh_prod_id`, `wh_stock_up_thr_qnty`, `wh_stock_low_thr_qnty`, `wh_stock_available_qnty`, `wh_stock_ordered_qnty`, `wh_prod_cost_price`, `wh_prod_sell_price`, `wh_prod_margin_price`, `wh_prod_price_currency`, `wh_prod_margin_percentage`, `wh_max_delivery_days`, `wh_min_delivery_days`, `wh_max_qnty_storage`, `wh_prod_qnty_sold`) VALUES (5, 36, 10, 2, 10, 0, 120, 156, 36, 'GBP', 30, 9, 5, 15, 0);
INSERT INTO `wholesaler_products_stock` (`wh_id`, `wh_prod_id`, `wh_stock_up_thr_qnty`, `wh_stock_low_thr_qnty`, `wh_stock_available_qnty`, `wh_stock_ordered_qnty`, `wh_prod_cost_price`, `wh_prod_sell_price`, `wh_prod_margin_price`, `wh_prod_price_currency`, `wh_prod_margin_percentage`, `wh_max_delivery_days`, `wh_min_delivery_days`, `wh_max_qnty_storage`, `wh_prod_qnty_sold`) VALUES (5, 37, 10, 2, 10, 0, 100, 130, 30, 'GBP', 30, 9, 5, 15, 0);

COMMIT;

-- -----------------------------------------------------
-- Data for table `logisticsdb`.`retail_products`
-- -----------------------------------------------------
SET AUTOCOMMIT=0;
USE `logisticsdb`;
INSERT INTO `retail_products` (`rt_prod_id`, `rt_prod_name`, `rt_prod_desc`, `rt_prod_catg`, `rt_prod_sub_catg`, `rt_depend_prod_id`) VALUES (1, 'HP Pavilion dv6', 'Intel Core i3 530, 4 GB RAM,320 GB Hard Drive, 15.6 Screen', 'Computer', 'Laptops', 37);
INSERT INTO `retail_products` (`rt_prod_id`, `rt_prod_name`, `rt_prod_desc`, `rt_prod_catg`, `rt_prod_sub_catg`, `rt_depend_prod_id`) VALUES (2, 'HP dv4', 'Intel Core i5 660, 4 GB RAM, 500 GB Hard Drive, 14.1 Screen,Windows 7 Home, Premium', 'Computer', 'Laptops', 36);
INSERT INTO `retail_products` (`rt_prod_id`, `rt_prod_name`, `rt_prod_desc`, `rt_prod_catg`, `rt_prod_sub_catg`, `rt_depend_prod_id`) VALUES (3, 'HP Pavilion dv4i series', 'Intel Core i5 750s, 3 GB RAM,320 GB Hard Drive, 4.1 Screen', 'Computer', 'Laptops', 34);
INSERT INTO `retail_products` (`rt_prod_id`, `rt_prod_name`, `rt_prod_desc`, `rt_prod_catg`, `rt_prod_sub_catg`, `rt_depend_prod_id`) VALUES (4, 'HP dv6t Quad Edition series', 'Intel Core i7 940, 3 GB RAM, 320 GB Hard Drive, 15.6 Screen, Windows 7 Home Premium', 'Computer', 'Laptops', 30);
INSERT INTO `retail_products` (`rt_prod_id`, `rt_prod_name`, `rt_prod_desc`, `rt_prod_catg`, `rt_prod_sub_catg`, `rt_depend_prod_id`) VALUES (5, 'HP Pavilion dv6t series', 'Intel Core i7 860, 4 GB RAM,  320 GB Hard Drive, 15.6 Screen', 'Computer', 'Laptops', 33);
INSERT INTO `retail_products` (`rt_prod_id`, `rt_prod_name`, `rt_prod_desc`, `rt_prod_catg`, `rt_prod_sub_catg`, `rt_depend_prod_id`) VALUES (6, 'HP dv8t Quad Edition series', 'Intel Core i7 920, 4 GB RAM, 500 GB Hard Drive, 18.4 Screen, Windows 7 Professional', 'Computer', 'Laptops', 31);
INSERT INTO `retail_products` (`rt_prod_id`, `rt_prod_name`, `rt_prod_desc`, `rt_prod_catg`, `rt_prod_sub_catg`, `rt_depend_prod_id`) VALUES (7, 'Sony VAIO E Series', 'Intel Core i5 670, 8 GB RAM, 500 GB Hard Drive, 15.5 Screen', 'Computer', 'Laptops', 35);
INSERT INTO `retail_products` (`rt_prod_id`, `rt_prod_name`, `rt_prod_desc`, `rt_prod_catg`, `rt_prod_sub_catg`, `rt_depend_prod_id`) VALUES (8, 'Sony VAIO F Series', 'Intel Core i7 960, 8 GB RAM, 640 GB Hard Drive, 16.4 Screen', 'Computer', 'Laptops', 29);
INSERT INTO `retail_products` (`rt_prod_id`, `rt_prod_name`, `rt_prod_desc`, `rt_prod_catg`, `rt_prod_sub_catg`, `rt_depend_prod_id`) VALUES (9, 'Sony VPCF1190X', 'Intel Core i7 920,2 GB RAM, 320 GB Hard Drive, 16.4 Screen', 'Computer', 'Laptops', 31);
INSERT INTO `retail_products` (`rt_prod_id`, `rt_prod_name`, `rt_prod_desc`, `rt_prod_catg`, `rt_prod_sub_catg`, `rt_depend_prod_id`) VALUES (10, 'Sony VAIO Z Series', 'Intel Core i7 860s,8 GB RAM, 512 GB Hard Drive, 13.1 Screen', 'Computer', 'Laptops', 32);
INSERT INTO `retail_products` (`rt_prod_id`, `rt_prod_name`, `rt_prod_desc`, `rt_prod_catg`, `rt_prod_sub_catg`, `rt_depend_prod_id`) VALUES (11, 'Apple MacBook Pro', 'Intel Core i5 670,  4 GB RAM, 320 GB Hard Drive, 15.0 Screen', 'Computer', 'Laptops', 35);
INSERT INTO `retail_products` (`rt_prod_id`, `rt_prod_name`, `rt_prod_desc`, `rt_prod_catg`, `rt_prod_sub_catg`, `rt_depend_prod_id`) VALUES (12, 'Apple MacBook Pro', 'Intel Core i7 860s, 4 GB RAM, 500 GB Hard Drive, 15.0 Screen', 'Computer', 'Laptops', 32);
INSERT INTO `retail_products` (`rt_prod_id`, `rt_prod_name`, `rt_prod_desc`, `rt_prod_catg`, `rt_prod_sub_catg`, `rt_depend_prod_id`) VALUES (13, 'Logitech M505 Wireless Mouse - Silver', ' Logitech Wireless Mouse M505 - mouse, Wireless - 2.4 GHz,USB wireless receiver,  Laser , Scrolling wheel, soft rubber grip, on/off power switch,  2 x AA type  Battery,  OS Required: Microsoft Windows 7, Apple MacOS X 10.4, Microsoft Windows Vista / XP, Compatible with Windows 7, 3 years  Manufacturer warranty', 'Computer Accessories', 'Mouse', NULL);
INSERT INTO `retail_products` (`rt_prod_id`, `rt_prod_name`, `rt_prod_desc`, `rt_prod_catg`, `rt_prod_sub_catg`, `rt_depend_prod_id`) VALUES (14, 'Logitech MX518 Optical Gaming Mouse', '1800 dpi optical engine delivers precision targeting and pinpoint accuracy,\nSculpted comfort grip helps reduce strain, Polytetrafluoroethylene feet glide smoothly across almost any surface, In-game sensitivity switching lets you easily control cursor speed and responsiveness without ever having to interrupt play\n, 8 programmable buttons provide added control and efficiency, Technical Details- Interfaces: 1 x USB - 4 PIN USB Type A ¦ 1 x mouse - generic - 6 pin mini-DIN (PS/2 style)', 'Computer Accessories', 'Mouse', NULL);
INSERT INTO `retail_products` (`rt_prod_id`, `rt_prod_name`, `rt_prod_desc`, `rt_prod_catg`, `rt_prod_sub_catg`, `rt_depend_prod_id`) VALUES (15, 'Kensington SlimBlade Trackball Mouse (Si860)', ' Kensington SlimBlade Trackball Mouse - mouse, Wireless - Bluetooth, USB wireless receiver,Laser Movement Detection Technology,Scrolling ball, battery indicator,  2 x AA type Battery, 5 years  Manufacturer Warranty', 'Computer Accessories', 'Mouse', NULL);
INSERT INTO `retail_products` (`rt_prod_id`, `rt_prod_name`, `rt_prod_desc`, `rt_prod_catg`, `rt_prod_sub_catg`, `rt_depend_prod_id`) VALUES (16, 'Kensington SlimBlade Media Mouse (Si700p - Black)', 'Kensington SlimBlade Media Mouse - mouse,  Wireless - RF, USB wireless receiver, Laser  Movement Detection Technology,  Volume control, scrolling ball, battery indicator, 2 x AA type Battery, 5 years Manufacturer Warranty', 'Computer Accessories', 'Mouse', NULL);
INSERT INTO `retail_products` (`rt_prod_id`, `rt_prod_name`, `rt_prod_desc`, `rt_prod_catg`, `rt_prod_sub_catg`, `rt_depend_prod_id`) VALUES (17, 'Microsoft Basic Optical Mouse Black', ' Microsoft Basic Optical Mouse Black - mouse, Wired - USB, Optical Movement Detection Technology, 3 Buttons , Scrolling wheel,  Cables Included: 1 x USB cable - integrated , OS Required: Microsoft Windows 2000 Server, Microsoft Windows 2000 Professional, Microsoft Windows 98/ME, Microsoft Windows XP Home Edition, Microsoft Windows XP Professional, Apple MacOS X 10.1 - 10.1.3', 'Computer Accessories', 'Mouse', NULL);
INSERT INTO `retail_products` (`rt_prod_id`, `rt_prod_name`, `rt_prod_desc`, `rt_prod_catg`, `rt_prod_sub_catg`, `rt_depend_prod_id`) VALUES (18, 'Microsoft Wireless Mobile Mouse 3000 - Black', 'Microsoft Wireless Mobile Mouse 3000 - mouse, Wireless - RF, USB wireless receiver, Optical Movement Detection Technology, 4 Buttons, 1000 dpi  Movement Resolution, Features: High Definition Optical Technology, battery indicator, Magnifier,  1 x AA type  Battery, Required: Microsoft Windows Vista / XP, Apple MacOS X 10.2 - 10.5, 3 years  Manufacturer Warranty', 'Computer Accessories', 'Mouse', NULL);
INSERT INTO `retail_products` (`rt_prod_id`, `rt_prod_name`, `rt_prod_desc`, `rt_prod_catg`, `rt_prod_sub_catg`, `rt_depend_prod_id`) VALUES (19, 'Apple Keyboard', 'Product Description: Apple keyboard, USB, Multimedia, optical media eject, volume, brightness, Expose , 1 x USB extension cable included ,OS Required: Apple MacOS X 10.5.6 or later', 'Computer Accessories', 'Keyboard', NULL);
INSERT INTO `retail_products` (`rt_prod_id`, `rt_prod_name`, `rt_prod_desc`, `rt_prod_catg`, `rt_prod_sub_catg`, `rt_depend_prod_id`) VALUES (20, 'Microsoft Wired Desktop 600 - Black', 'Media Center - Four hot keys let you control the most-used media activities, Hot Keys Included - play/pause, volume up, volume down, and mute,  Quiet-touch Keys - Quiet, responsive, thin-profile keys , Calculator Hot Key - One touch of the button and you can quickly access the Calculator, Spill-Resistant - Enjoy a drink whilst working — keyboard is designed to withstand an accidental spill, Windows Start Button - Launch start menu and search your PC or Internet with Windows Vista installed, Plug and Play - No software needed. Just connect the keyboard to your PC and go,  Mouse Features -  Use your mouse with left or right hand — ambidextrous design makes it comfortable either way,  Optical Technology - Navigate with better speed, accuracy and reliability, The optical sensor tracks movement on nearly any surface ,  Scroll Wheel - Move through documents quickly without having to click on the on-screen scroll bar', 'Computer Accessories', 'Keyboard', NULL);
INSERT INTO `retail_products` (`rt_prod_id`, `rt_prod_name`, `rt_prod_desc`, `rt_prod_catg`, `rt_prod_sub_catg`, `rt_depend_prod_id`) VALUES (21, 'Logitech diNovo Keyboard Mac Edition', 'Modern, elegant design features an ultra-slim profile, piano-black finish and brushed-aluminium palm rest, PerfectStroke™ key system with micro-scissors mechanism gives you more key travel than typical keyboards,  3-year battery life, Mac keyboard layout lets you type faster and more comfortably, with all the keys where you expect them to be, Integrated number pad makes data entry fast and effortless', 'Computer Accessories', 'Keyboard', NULL);
INSERT INTO `retail_products` (`rt_prod_id`, `rt_prod_name`, `rt_prod_desc`, `rt_prod_catg`, `rt_prod_sub_catg`, `rt_depend_prod_id`) VALUES (22, 'Logitech Deluxe 250 Keyboard - USB, Black', 'Factory Sealed Original Product from Logitech, USB, Spillproof, Manufacturers 3 Year Warranty', 'Computer Accessories', 'Keyboard', NULL);
INSERT INTO `retail_products` (`rt_prod_id`, `rt_prod_name`, `rt_prod_desc`, `rt_prod_catg`, `rt_prod_sub_catg`, `rt_depend_prod_id`) VALUES (23, 'Logitech Wave Keyboard', 'Innovative keyboard with a wave design that cradles your hands naturally,  Cushioned, contoured palm rest helps position your hands comfortably on the keyboard, Adjustable keyboard height for personalised comfort, Dedicated one-touch access to key Windows Vista™ features,  USB connection; Windows® XP, Windows Vista™ or Mac® OS X (10.3.9 ),  Manufacturers 5-year warranty', 'Computer Accessories', 'Keyboard', NULL);
INSERT INTO `retail_products` (`rt_prod_id`, `rt_prod_name`, `rt_prod_desc`, `rt_prod_catg`, `rt_prod_sub_catg`, `rt_depend_prod_id`) VALUES (24, 'Seagate 500GB Expansion Portable USB 2.0 Hard Drive', 'Seagate Portable 2.5 inch Hard Disk Drive, 500GB capacitiy, USB 2.0 Interface, \n5400 RPM performance, Plug n play no software to install,  Plug n\\\' play - no software to install Simply drag-and-drop to save files, USB powered Built-in power management ensures energy efficient operation 5400 RPM performance 2-year limited warranty, Works with Windows Vista, Windows XP, or Mac OSX 10.4.8 or higherUSB 2.0 or 1.1 port', 'Computer Accessories', 'Hard Drive', NULL);
INSERT INTO `retail_products` (`rt_prod_id`, `rt_prod_name`, `rt_prod_desc`, `rt_prod_catg`, `rt_prod_sub_catg`, `rt_depend_prod_id`) VALUES (25, 'Western Digital Elements 1TB USB 2.0 Desktop External Hard Drive - Black', 'Serial Transfer Rate, USB 2.0, Serial Bus Transfer Rate (USB 2.0) 480 Mb/s (Max)\nPhysical Specifications, Capacity 1 TB, Interface USB 2.0', 'Computer Accessories', 'Hard Drive', NULL);
INSERT INTO `retail_products` (`rt_prod_id`, `rt_prod_name`, `rt_prod_desc`, `rt_prod_catg`, `rt_prod_sub_catg`, `rt_depend_prod_id`) VALUES (26, 'Seagate Expansions 1TB External Desktop USB 2.0 Hard Drive for PC', 'Plug n’ play - USB 2.0 connection and no software to install,  Simply drag-and-drop to save files, 7200 RPM performance, Built-in power management ensures energy efficient operation,  2-year limited warranty', 'Computer Accessories', 'Hard Drive', NULL);
INSERT INTO `retail_products` (`rt_prod_id`, `rt_prod_name`, `rt_prod_desc`, `rt_prod_catg`, `rt_prod_sub_catg`, `rt_depend_prod_id`) VALUES (27, 'Western Digital My Passport Essential 500GB USB 2.0 Portable External Hard Drive - Black', 'USB-powered 500 GB portable external hard drive, Big capacity that fits in your pocket - compact drive fits easily in your pocket or purse and weighs only a few ounces, New updates for SmartWare Software available from Western Digital\nSynchronized and secure,  Compatible - use with Windows and Macintosh computers.', 'Computer Accessories', 'Hard Drive', NULL);
INSERT INTO `retail_products` (`rt_prod_id`, `rt_prod_name`, `rt_prod_desc`, `rt_prod_catg`, `rt_prod_sub_catg`, `rt_depend_prod_id`) VALUES (28, 'Samsung Story Station 1.5TB USB 2.0 External Hard Drive', 'Product Description: Samsung Story Station HX-DU015EB - hard drive - 1.5 TB - Hi-Speed USB, Type: Hard drive - external,  Capacity: 1.5 TB, Interface Type: Hi-Speed USB, OS Required: Microsoft Windows 2000 Professional, Microsoft Windows XP Home Edition, Microsoft Windows XP Professional, Microsoft Windows Vista, Apple MacOS X 10.4.8 or later, Microsoft Certification: Compatible with Windows 7', 'Computer Accessories', 'Hard Drive', NULL);
INSERT INTO `retail_products` (`rt_prod_id`, `rt_prod_name`, `rt_prod_desc`, `rt_prod_catg`, `rt_prod_sub_catg`, `rt_depend_prod_id`) VALUES (29, 'Intel® Core™ i7 Processor i7-960', 'Intel Core i7 960  Processor, 3.20GHz, 8MB L3 Cache, LGA 1366', ' Computer Components', 'Processor', NULL);
INSERT INTO `retail_products` (`rt_prod_id`, `rt_prod_name`, `rt_prod_desc`, `rt_prod_catg`, `rt_prod_sub_catg`, `rt_depend_prod_id`) VALUES (30, 'Intel® Core™ i7 Processor i7-940', 'Intel Core i7 940 Processor, 2.93GHz, 8MB L3 Cache, 4.8GT/Sec, LGA 1366', ' Computer Components', 'Processor', NULL);
INSERT INTO `retail_products` (`rt_prod_id`, `rt_prod_name`, `rt_prod_desc`, `rt_prod_catg`, `rt_prod_sub_catg`, `rt_depend_prod_id`) VALUES (31, 'Intel® Core™ i7 Processor i7-920', 'Intel Core i7 920 Processor, 2.66GHz LGA 1366 4.8GT/s QPI 8MB L3 Cache', ' Computer Components', 'Processor', NULL);
INSERT INTO `retail_products` (`rt_prod_id`, `rt_prod_name`, `rt_prod_desc`, `rt_prod_catg`, `rt_prod_sub_catg`, `rt_depend_prod_id`) VALUES (32, 'Intel® Core™ i7 Processor i7-860s', 'Intel Core i7 860S Processor, 2.53GHz, 8MB L3 Cache', ' Computer Components', 'Processor', NULL);
INSERT INTO `retail_products` (`rt_prod_id`, `rt_prod_name`, `rt_prod_desc`, `rt_prod_catg`, `rt_prod_sub_catg`, `rt_depend_prod_id`) VALUES (33, 'Intel® Core™ i7 Processor i7-860', 'Intel Core i7 860 Processor 2.80GHz, 8MB Cache', ' Computer Components', 'Processor', NULL);
INSERT INTO `retail_products` (`rt_prod_id`, `rt_prod_name`, `rt_prod_desc`, `rt_prod_catg`, `rt_prod_sub_catg`, `rt_depend_prod_id`) VALUES (34, 'Intel® Core™ i5 Processor i5-750s', 'Intel Processor, Core i5 750S 2.40GHz, 8MB L3 Cache', ' Computer Components', 'Processor', NULL);
INSERT INTO `retail_products` (`rt_prod_id`, `rt_prod_name`, `rt_prod_desc`, `rt_prod_catg`, `rt_prod_sub_catg`, `rt_depend_prod_id`) VALUES (35, 'Intel® Core™ i5 Processor i5-670', 'Intel Processor, Core i5 670 3.46GHz, 4MB L3 Cache, LGA1156', ' Computer Components', 'Processor', NULL);
INSERT INTO `retail_products` (`rt_prod_id`, `rt_prod_name`, `rt_prod_desc`, `rt_prod_catg`, `rt_prod_sub_catg`, `rt_depend_prod_id`) VALUES (36, 'Intel® Core™ i5 Processor i5-660', 'Intel Processor, Core i5 660 3.33GHz, 4MB L3 Cache, LGA1156', ' Computer Components', 'Processor', NULL);
INSERT INTO `retail_products` (`rt_prod_id`, `rt_prod_name`, `rt_prod_desc`, `rt_prod_catg`, `rt_prod_sub_catg`, `rt_depend_prod_id`) VALUES (37, 'Intel® Core™ i3 Processor i3-530', 'Intel Processor, Core i3 530 2.66GHz, 4MB L3 Cache, LGA1156', ' Computer Components', 'Processor', NULL);

COMMIT;

-- -----------------------------------------------------
-- Data for table `logisticsdb`.`retail_order_status`
-- -----------------------------------------------------
SET AUTOCOMMIT=0;
USE `logisticsdb`;
INSERT INTO `retail_order_status` (`rt_status_id`, `rt_status_c`, `rt_status_desc`) VALUES (1, 'CMPL', 'COMPLETE');
INSERT INTO `retail_order_status` (`rt_status_id`, `rt_status_c`, `rt_status_desc`) VALUES (2, 'CNCL', 'CANCEL');
INSERT INTO `retail_order_status` (`rt_status_id`, `rt_status_c`, `rt_status_desc`) VALUES (3, 'PEND', 'PENDING');
INSERT INTO `retail_order_status` (`rt_status_id`, `rt_status_c`, `rt_status_desc`) VALUES (4, 'DELAY', 'DELAY');

COMMIT;

-- -----------------------------------------------------
-- Data for table `logisticsdb`.`consumer`
-- -----------------------------------------------------
SET AUTOCOMMIT=0;
USE `logisticsdb`;
INSERT INTO `consumer` (`cons_id`, `cons_name`, `cons_address`, `cons_city`, `cons_contact_no`, `cons_email`) VALUES (1, 'ALICE', 'GUILDFORD', 'SURREY', '+441160927177', 'alice@consumer.co.uk');
INSERT INTO `consumer` (`cons_id`, `cons_name`, `cons_address`, `cons_city`, `cons_contact_no`, `cons_email`) VALUES (2, 'BOB', 'GUILDFORD', 'SURREY', '+442260927177', 'bob@consumer.co.uk');
INSERT INTO `consumer` (`cons_id`, `cons_name`, `cons_address`, `cons_city`, `cons_contact_no`, `cons_email`) VALUES (3, 'ALPHA', 'GUILDFORD', 'SURREY', '+443360927177', 'alpha@consumer.co.uk');
INSERT INTO `consumer` (`cons_id`, `cons_name`, `cons_address`, `cons_city`, `cons_contact_no`, `cons_email`) VALUES (4, 'BETA', 'GUILDFORD', 'SURREY', '+444460927177', 'beta@consumer.co.uk');
INSERT INTO `consumer` (`cons_id`, `cons_name`, `cons_address`, `cons_city`, `cons_contact_no`, `cons_email`) VALUES (5, 'GAMMA', 'GUILDFORD', 'SURREY', '+445560927177', 'gamma@consumer.co.uk');

COMMIT;

-- -----------------------------------------------------
-- Data for table `logisticsdb`.`retailer_products_stock`
-- -----------------------------------------------------
SET AUTOCOMMIT=0;
USE `logisticsdb`;
INSERT INTO `retailer_products_stock` (`rt_id`, `rt_prod_id`, `rt_stock_up_thr_qnty`, `rt_stock_low_thr_qnty`, `rt_stock_available_qnty`, `rt_stock_ordered_qnty`, `rt_prod_cost_price`, `rt_prod_sell_price`, `rt_prod_margin_price`, `rt_prod_price_currency`, `rt_prod_margin_percentage`, `rt_max_delivery_days`, `rt_min_delivery_days`, `rt_max_qnty_storage`, `rt_prod_qnty_sold`) VALUES (1, 1, 10, 2, 5, 0, 460, 598, 138, 'GBP', 30, 5, 3, 15, 0);
INSERT INTO `retailer_products_stock` (`rt_id`, `rt_prod_id`, `rt_stock_up_thr_qnty`, `rt_stock_low_thr_qnty`, `rt_stock_available_qnty`, `rt_stock_ordered_qnty`, `rt_prod_cost_price`, `rt_prod_sell_price`, `rt_prod_margin_price`, `rt_prod_price_currency`, `rt_prod_margin_percentage`, `rt_max_delivery_days`, `rt_min_delivery_days`, `rt_max_qnty_storage`, `rt_prod_qnty_sold`) VALUES (1, 2, 10, 2, 5, 0, 517.5, 672.75, 155.25, 'GBP', 30, 5, 3, 15, 0);
INSERT INTO `retailer_products_stock` (`rt_id`, `rt_prod_id`, `rt_stock_up_thr_qnty`, `rt_stock_low_thr_qnty`, `rt_stock_available_qnty`, `rt_stock_ordered_qnty`, `rt_prod_cost_price`, `rt_prod_sell_price`, `rt_prod_margin_price`, `rt_prod_price_currency`, `rt_prod_margin_percentage`, `rt_max_delivery_days`, `rt_min_delivery_days`, `rt_max_qnty_storage`, `rt_prod_qnty_sold`) VALUES (1, 3, 10, 2, 5, 0, 552, 717.5, 165.6, 'GBP', 30, 5, 3, 15, 0);
INSERT INTO `retailer_products_stock` (`rt_id`, `rt_prod_id`, `rt_stock_up_thr_qnty`, `rt_stock_low_thr_qnty`, `rt_stock_available_qnty`, `rt_stock_ordered_qnty`, `rt_prod_cost_price`, `rt_prod_sell_price`, `rt_prod_margin_price`, `rt_prod_price_currency`, `rt_prod_margin_percentage`, `rt_max_delivery_days`, `rt_min_delivery_days`, `rt_max_qnty_storage`, `rt_prod_qnty_sold`) VALUES (1, 4, 10, 2, 5, 0, 632.5, 822.25, 189.75, 'GBP', 30, 5, 3, 15, 0);
INSERT INTO `retailer_products_stock` (`rt_id`, `rt_prod_id`, `rt_stock_up_thr_qnty`, `rt_stock_low_thr_qnty`, `rt_stock_available_qnty`, `rt_stock_ordered_qnty`, `rt_prod_cost_price`, `rt_prod_sell_price`, `rt_prod_margin_price`, `rt_prod_price_currency`, `rt_prod_margin_percentage`, `rt_max_delivery_days`, `rt_min_delivery_days`, `rt_max_qnty_storage`, `rt_prod_qnty_sold`) VALUES (1, 5, 10, 2, 5, 0, 690, 897, 207, 'GBP', 30, 5, 3, 15, 0);
INSERT INTO `retailer_products_stock` (`rt_id`, `rt_prod_id`, `rt_stock_up_thr_qnty`, `rt_stock_low_thr_qnty`, `rt_stock_available_qnty`, `rt_stock_ordered_qnty`, `rt_prod_cost_price`, `rt_prod_sell_price`, `rt_prod_margin_price`, `rt_prod_price_currency`, `rt_prod_margin_percentage`, `rt_max_delivery_days`, `rt_min_delivery_days`, `rt_max_qnty_storage`, `rt_prod_qnty_sold`) VALUES (1, 6, 10, 2, 5, 0, 747.5, 971.75, 224.25, 'GBP', 30, 5, 3, 15, 0);
INSERT INTO `retailer_products_stock` (`rt_id`, `rt_prod_id`, `rt_stock_up_thr_qnty`, `rt_stock_low_thr_qnty`, `rt_stock_available_qnty`, `rt_stock_ordered_qnty`, `rt_prod_cost_price`, `rt_prod_sell_price`, `rt_prod_margin_price`, `rt_prod_price_currency`, `rt_prod_margin_percentage`, `rt_max_delivery_days`, `rt_min_delivery_days`, `rt_max_qnty_storage`, `rt_prod_qnty_sold`) VALUES (1, 7, 10, 2, 5, 0, 805, 1046.5, 241.5, 'GBP', 30, 5, 3, 15, 0);
INSERT INTO `retailer_products_stock` (`rt_id`, `rt_prod_id`, `rt_stock_up_thr_qnty`, `rt_stock_low_thr_qnty`, `rt_stock_available_qnty`, `rt_stock_ordered_qnty`, `rt_prod_cost_price`, `rt_prod_sell_price`, `rt_prod_margin_price`, `rt_prod_price_currency`, `rt_prod_margin_percentage`, `rt_max_delivery_days`, `rt_min_delivery_days`, `rt_max_qnty_storage`, `rt_prod_qnty_sold`) VALUES (1, 8, 10, 2, 5, 0, 862.5, 1121.5, 258.75, 'GBP', 30, 5, 3, 15, 0);
INSERT INTO `retailer_products_stock` (`rt_id`, `rt_prod_id`, `rt_stock_up_thr_qnty`, `rt_stock_low_thr_qnty`, `rt_stock_available_qnty`, `rt_stock_ordered_qnty`, `rt_prod_cost_price`, `rt_prod_sell_price`, `rt_prod_margin_price`, `rt_prod_price_currency`, `rt_prod_margin_percentage`, `rt_max_delivery_days`, `rt_min_delivery_days`, `rt_max_qnty_storage`, `rt_prod_qnty_sold`) VALUES (1, 9, 10, 2, 5, 0, 920, 1196, 276, 'GBP', 30, 5, 3, 15, 0);
INSERT INTO `retailer_products_stock` (`rt_id`, `rt_prod_id`, `rt_stock_up_thr_qnty`, `rt_stock_low_thr_qnty`, `rt_stock_available_qnty`, `rt_stock_ordered_qnty`, `rt_prod_cost_price`, `rt_prod_sell_price`, `rt_prod_margin_price`, `rt_prod_price_currency`, `rt_prod_margin_percentage`, `rt_max_delivery_days`, `rt_min_delivery_days`, `rt_max_qnty_storage`, `rt_prod_qnty_sold`) VALUES (1, 10, 10, 2, 5, 0, 977.5, 1270.75, 293.25, 'GBP', 30, 5, 3, 15, 0);
INSERT INTO `retailer_products_stock` (`rt_id`, `rt_prod_id`, `rt_stock_up_thr_qnty`, `rt_stock_low_thr_qnty`, `rt_stock_available_qnty`, `rt_stock_ordered_qnty`, `rt_prod_cost_price`, `rt_prod_sell_price`, `rt_prod_margin_price`, `rt_prod_price_currency`, `rt_prod_margin_percentage`, `rt_max_delivery_days`, `rt_min_delivery_days`, `rt_max_qnty_storage`, `rt_prod_qnty_sold`) VALUES (1, 11, 10, 2, 5, 0, 1035, 1345.5, 310.5, 'GBP', 30, 5, 3, 15, 0);
INSERT INTO `retailer_products_stock` (`rt_id`, `rt_prod_id`, `rt_stock_up_thr_qnty`, `rt_stock_low_thr_qnty`, `rt_stock_available_qnty`, `rt_stock_ordered_qnty`, `rt_prod_cost_price`, `rt_prod_sell_price`, `rt_prod_margin_price`, `rt_prod_price_currency`, `rt_prod_margin_percentage`, `rt_max_delivery_days`, `rt_min_delivery_days`, `rt_max_qnty_storage`, `rt_prod_qnty_sold`) VALUES (1, 12, 10, 2, 5, 0, 1150, 1495, 345, 'GBP', 30, 5, 3, 15, 0);
INSERT INTO `retailer_products_stock` (`rt_id`, `rt_prod_id`, `rt_stock_up_thr_qnty`, `rt_stock_low_thr_qnty`, `rt_stock_available_qnty`, `rt_stock_ordered_qnty`, `rt_prod_cost_price`, `rt_prod_sell_price`, `rt_prod_margin_price`, `rt_prod_price_currency`, `rt_prod_margin_percentage`, `rt_max_delivery_days`, `rt_min_delivery_days`, `rt_max_qnty_storage`, `rt_prod_qnty_sold`) VALUES (1, 13, 10, 4, 9, 0, 20, 26, 6, 'GBP', 30, 5, 3, 20, 0);
INSERT INTO `retailer_products_stock` (`rt_id`, `rt_prod_id`, `rt_stock_up_thr_qnty`, `rt_stock_low_thr_qnty`, `rt_stock_available_qnty`, `rt_stock_ordered_qnty`, `rt_prod_cost_price`, `rt_prod_sell_price`, `rt_prod_margin_price`, `rt_prod_price_currency`, `rt_prod_margin_percentage`, `rt_max_delivery_days`, `rt_min_delivery_days`, `rt_max_qnty_storage`, `rt_prod_qnty_sold`) VALUES (1, 14, 10, 4, 9, 0, 15, 19.5, 4.5, 'GBP', 30, 5, 3, 20, 0);
INSERT INTO `retailer_products_stock` (`rt_id`, `rt_prod_id`, `rt_stock_up_thr_qnty`, `rt_stock_low_thr_qnty`, `rt_stock_available_qnty`, `rt_stock_ordered_qnty`, `rt_prod_cost_price`, `rt_prod_sell_price`, `rt_prod_margin_price`, `rt_prod_price_currency`, `rt_prod_margin_percentage`, `rt_max_delivery_days`, `rt_min_delivery_days`, `rt_max_qnty_storage`, `rt_prod_qnty_sold`) VALUES (1, 15, 15, 4, 9, 0, 30, 39, 9, 'GBP', 30, 5, 3, 20, 0);
INSERT INTO `retailer_products_stock` (`rt_id`, `rt_prod_id`, `rt_stock_up_thr_qnty`, `rt_stock_low_thr_qnty`, `rt_stock_available_qnty`, `rt_stock_ordered_qnty`, `rt_prod_cost_price`, `rt_prod_sell_price`, `rt_prod_margin_price`, `rt_prod_price_currency`, `rt_prod_margin_percentage`, `rt_max_delivery_days`, `rt_min_delivery_days`, `rt_max_qnty_storage`, `rt_prod_qnty_sold`) VALUES (1, 16, 15, 4, 9, 0, 10, 13, 3, 'GBP', 30, 5, 3, 20, 0);
INSERT INTO `retailer_products_stock` (`rt_id`, `rt_prod_id`, `rt_stock_up_thr_qnty`, `rt_stock_low_thr_qnty`, `rt_stock_available_qnty`, `rt_stock_ordered_qnty`, `rt_prod_cost_price`, `rt_prod_sell_price`, `rt_prod_margin_price`, `rt_prod_price_currency`, `rt_prod_margin_percentage`, `rt_max_delivery_days`, `rt_min_delivery_days`, `rt_max_qnty_storage`, `rt_prod_qnty_sold`) VALUES (1, 17, 15, 4, 9, 0, 5, 6.5, 1.5, 'GBP', 30, 5, 3, 20, 0);
INSERT INTO `retailer_products_stock` (`rt_id`, `rt_prod_id`, `rt_stock_up_thr_qnty`, `rt_stock_low_thr_qnty`, `rt_stock_available_qnty`, `rt_stock_ordered_qnty`, `rt_prod_cost_price`, `rt_prod_sell_price`, `rt_prod_margin_price`, `rt_prod_price_currency`, `rt_prod_margin_percentage`, `rt_max_delivery_days`, `rt_min_delivery_days`, `rt_max_qnty_storage`, `rt_prod_qnty_sold`) VALUES (1, 18, 15, 4, 9, 0, 10, 13, 3, 'GBP', 30, 5, 3, 20, 0);
INSERT INTO `retailer_products_stock` (`rt_id`, `rt_prod_id`, `rt_stock_up_thr_qnty`, `rt_stock_low_thr_qnty`, `rt_stock_available_qnty`, `rt_stock_ordered_qnty`, `rt_prod_cost_price`, `rt_prod_sell_price`, `rt_prod_margin_price`, `rt_prod_price_currency`, `rt_prod_margin_percentage`, `rt_max_delivery_days`, `rt_min_delivery_days`, `rt_max_qnty_storage`, `rt_prod_qnty_sold`) VALUES (1, 19, 15, 4, 9, 0, 20, 26, 6, 'GBP', 30, 5, 3, 20, 0);
INSERT INTO `retailer_products_stock` (`rt_id`, `rt_prod_id`, `rt_stock_up_thr_qnty`, `rt_stock_low_thr_qnty`, `rt_stock_available_qnty`, `rt_stock_ordered_qnty`, `rt_prod_cost_price`, `rt_prod_sell_price`, `rt_prod_margin_price`, `rt_prod_price_currency`, `rt_prod_margin_percentage`, `rt_max_delivery_days`, `rt_min_delivery_days`, `rt_max_qnty_storage`, `rt_prod_qnty_sold`) VALUES (1, 20, 15, 4, 9, 0, 10, 13, 3, 'GBP', 30, 5, 3, 20, 0);
INSERT INTO `retailer_products_stock` (`rt_id`, `rt_prod_id`, `rt_stock_up_thr_qnty`, `rt_stock_low_thr_qnty`, `rt_stock_available_qnty`, `rt_stock_ordered_qnty`, `rt_prod_cost_price`, `rt_prod_sell_price`, `rt_prod_margin_price`, `rt_prod_price_currency`, `rt_prod_margin_percentage`, `rt_max_delivery_days`, `rt_min_delivery_days`, `rt_max_qnty_storage`, `rt_prod_qnty_sold`) VALUES (1, 21, 15, 4, 9, 0, 40, 52, 12, 'GBP', 30, 5, 3, 20, 0);
INSERT INTO `retailer_products_stock` (`rt_id`, `rt_prod_id`, `rt_stock_up_thr_qnty`, `rt_stock_low_thr_qnty`, `rt_stock_available_qnty`, `rt_stock_ordered_qnty`, `rt_prod_cost_price`, `rt_prod_sell_price`, `rt_prod_margin_price`, `rt_prod_price_currency`, `rt_prod_margin_percentage`, `rt_max_delivery_days`, `rt_min_delivery_days`, `rt_max_qnty_storage`, `rt_prod_qnty_sold`) VALUES (1, 22, 15, 4, 9, 0, 4, 5.2, 1.2, 'GBP', 30, 5, 3, 20, 0);
INSERT INTO `retailer_products_stock` (`rt_id`, `rt_prod_id`, `rt_stock_up_thr_qnty`, `rt_stock_low_thr_qnty`, `rt_stock_available_qnty`, `rt_stock_ordered_qnty`, `rt_prod_cost_price`, `rt_prod_sell_price`, `rt_prod_margin_price`, `rt_prod_price_currency`, `rt_prod_margin_percentage`, `rt_max_delivery_days`, `rt_min_delivery_days`, `rt_max_qnty_storage`, `rt_prod_qnty_sold`) VALUES (1, 23, 15, 4, 9, 0, 15, 19.5, 4.5, 'GBP', 30, 5, 3, 20, 0);
INSERT INTO `retailer_products_stock` (`rt_id`, `rt_prod_id`, `rt_stock_up_thr_qnty`, `rt_stock_low_thr_qnty`, `rt_stock_available_qnty`, `rt_stock_ordered_qnty`, `rt_prod_cost_price`, `rt_prod_sell_price`, `rt_prod_margin_price`, `rt_prod_price_currency`, `rt_prod_margin_percentage`, `rt_max_delivery_days`, `rt_min_delivery_days`, `rt_max_qnty_storage`, `rt_prod_qnty_sold`) VALUES (1, 24, 15, 4, 9, 0, 30, 39, 9, 'GBP', 30, 5, 3, 20, 0);
INSERT INTO `retailer_products_stock` (`rt_id`, `rt_prod_id`, `rt_stock_up_thr_qnty`, `rt_stock_low_thr_qnty`, `rt_stock_available_qnty`, `rt_stock_ordered_qnty`, `rt_prod_cost_price`, `rt_prod_sell_price`, `rt_prod_margin_price`, `rt_prod_price_currency`, `rt_prod_margin_percentage`, `rt_max_delivery_days`, `rt_min_delivery_days`, `rt_max_qnty_storage`, `rt_prod_qnty_sold`) VALUES (1, 25, 15, 4, 9, 0, 40, 52, 12, 'GBP', 30, 5, 3, 20, 0);
INSERT INTO `retailer_products_stock` (`rt_id`, `rt_prod_id`, `rt_stock_up_thr_qnty`, `rt_stock_low_thr_qnty`, `rt_stock_available_qnty`, `rt_stock_ordered_qnty`, `rt_prod_cost_price`, `rt_prod_sell_price`, `rt_prod_margin_price`, `rt_prod_price_currency`, `rt_prod_margin_percentage`, `rt_max_delivery_days`, `rt_min_delivery_days`, `rt_max_qnty_storage`, `rt_prod_qnty_sold`) VALUES (1, 26, 15, 4, 9, 0, 50, 65, 15, 'GBP', 30, 5, 3, 20, 0);
INSERT INTO `retailer_products_stock` (`rt_id`, `rt_prod_id`, `rt_stock_up_thr_qnty`, `rt_stock_low_thr_qnty`, `rt_stock_available_qnty`, `rt_stock_ordered_qnty`, `rt_prod_cost_price`, `rt_prod_sell_price`, `rt_prod_margin_price`, `rt_prod_price_currency`, `rt_prod_margin_percentage`, `rt_max_delivery_days`, `rt_min_delivery_days`, `rt_max_qnty_storage`, `rt_prod_qnty_sold`) VALUES (1, 27, 15, 4, 9, 0, 45, 58.5, 13.5, 'GBP', 30, 5, 3, 20, 0);
INSERT INTO `retailer_products_stock` (`rt_id`, `rt_prod_id`, `rt_stock_up_thr_qnty`, `rt_stock_low_thr_qnty`, `rt_stock_available_qnty`, `rt_stock_ordered_qnty`, `rt_prod_cost_price`, `rt_prod_sell_price`, `rt_prod_margin_price`, `rt_prod_price_currency`, `rt_prod_margin_percentage`, `rt_max_delivery_days`, `rt_min_delivery_days`, `rt_max_qnty_storage`, `rt_prod_qnty_sold`) VALUES (1, 28, 15, 4, 9, 0, 60, 78, 18, 'GBP', 25, 5, 3, 20, 0);
INSERT INTO `retailer_products_stock` (`rt_id`, `rt_prod_id`, `rt_stock_up_thr_qnty`, `rt_stock_low_thr_qnty`, `rt_stock_available_qnty`, `rt_stock_ordered_qnty`, `rt_prod_cost_price`, `rt_prod_sell_price`, `rt_prod_margin_price`, `rt_prod_price_currency`, `rt_prod_margin_percentage`, `rt_max_delivery_days`, `rt_min_delivery_days`, `rt_max_qnty_storage`, `rt_prod_qnty_sold`) VALUES (1, 29, 15, 4, 9, 0, 300, 375, 75, 'GBP', 25, 5, 3, 20, 0);
INSERT INTO `retailer_products_stock` (`rt_id`, `rt_prod_id`, `rt_stock_up_thr_qnty`, `rt_stock_low_thr_qnty`, `rt_stock_available_qnty`, `rt_stock_ordered_qnty`, `rt_prod_cost_price`, `rt_prod_sell_price`, `rt_prod_margin_price`, `rt_prod_price_currency`, `rt_prod_margin_percentage`, `rt_max_delivery_days`, `rt_min_delivery_days`, `rt_max_qnty_storage`, `rt_prod_qnty_sold`) VALUES (1, 30, 15, 4, 5, 0, 280, 350, 70, 'GBP', 25, 5, 3, 20, 0);
INSERT INTO `retailer_products_stock` (`rt_id`, `rt_prod_id`, `rt_stock_up_thr_qnty`, `rt_stock_low_thr_qnty`, `rt_stock_available_qnty`, `rt_stock_ordered_qnty`, `rt_prod_cost_price`, `rt_prod_sell_price`, `rt_prod_margin_price`, `rt_prod_price_currency`, `rt_prod_margin_percentage`, `rt_max_delivery_days`, `rt_min_delivery_days`, `rt_max_qnty_storage`, `rt_prod_qnty_sold`) VALUES (1, 31, 15, 4, 5, 0, 270, 337.5, 67.5, 'GBP', 25, 5, 3, 20, 0);
INSERT INTO `retailer_products_stock` (`rt_id`, `rt_prod_id`, `rt_stock_up_thr_qnty`, `rt_stock_low_thr_qnty`, `rt_stock_available_qnty`, `rt_stock_ordered_qnty`, `rt_prod_cost_price`, `rt_prod_sell_price`, `rt_prod_margin_price`, `rt_prod_price_currency`, `rt_prod_margin_percentage`, `rt_max_delivery_days`, `rt_min_delivery_days`, `rt_max_qnty_storage`, `rt_prod_qnty_sold`) VALUES (1, 32, 15, 4, 5, 0, 250, 312.5, 62.5, 'GBP', 25, 5, 3, 20, 0);
INSERT INTO `retailer_products_stock` (`rt_id`, `rt_prod_id`, `rt_stock_up_thr_qnty`, `rt_stock_low_thr_qnty`, `rt_stock_available_qnty`, `rt_stock_ordered_qnty`, `rt_prod_cost_price`, `rt_prod_sell_price`, `rt_prod_margin_price`, `rt_prod_price_currency`, `rt_prod_margin_percentage`, `rt_max_delivery_days`, `rt_min_delivery_days`, `rt_max_qnty_storage`, `rt_prod_qnty_sold`) VALUES (1, 33, 15, 4, 5, 0, 220, 275, 55, 'GBP', 25, 5, 3, 20, 0);
INSERT INTO `retailer_products_stock` (`rt_id`, `rt_prod_id`, `rt_stock_up_thr_qnty`, `rt_stock_low_thr_qnty`, `rt_stock_available_qnty`, `rt_stock_ordered_qnty`, `rt_prod_cost_price`, `rt_prod_sell_price`, `rt_prod_margin_price`, `rt_prod_price_currency`, `rt_prod_margin_percentage`, `rt_max_delivery_days`, `rt_min_delivery_days`, `rt_max_qnty_storage`, `rt_prod_qnty_sold`) VALUES (1, 34, 15, 4, 5, 0, 190, 237.5, 47.5, 'GBP', 25, 5, 3, 20, 0);
INSERT INTO `retailer_products_stock` (`rt_id`, `rt_prod_id`, `rt_stock_up_thr_qnty`, `rt_stock_low_thr_qnty`, `rt_stock_available_qnty`, `rt_stock_ordered_qnty`, `rt_prod_cost_price`, `rt_prod_sell_price`, `rt_prod_margin_price`, `rt_prod_price_currency`, `rt_prod_margin_percentage`, `rt_max_delivery_days`, `rt_min_delivery_days`, `rt_max_qnty_storage`, `rt_prod_qnty_sold`) VALUES (1, 35, 15, 4, 5, 0, 170, 212.5, 42.5, 'GBP', 25, 5, 3, 20, 0);
INSERT INTO `retailer_products_stock` (`rt_id`, `rt_prod_id`, `rt_stock_up_thr_qnty`, `rt_stock_low_thr_qnty`, `rt_stock_available_qnty`, `rt_stock_ordered_qnty`, `rt_prod_cost_price`, `rt_prod_sell_price`, `rt_prod_margin_price`, `rt_prod_price_currency`, `rt_prod_margin_percentage`, `rt_max_delivery_days`, `rt_min_delivery_days`, `rt_max_qnty_storage`, `rt_prod_qnty_sold`) VALUES (1, 36, 15, 4, 5, 0, 150, 187.5, 37.5, 'GBP', 25, 5, 3, 20, 0);
INSERT INTO `retailer_products_stock` (`rt_id`, `rt_prod_id`, `rt_stock_up_thr_qnty`, `rt_stock_low_thr_qnty`, `rt_stock_available_qnty`, `rt_stock_ordered_qnty`, `rt_prod_cost_price`, `rt_prod_sell_price`, `rt_prod_margin_price`, `rt_prod_price_currency`, `rt_prod_margin_percentage`, `rt_max_delivery_days`, `rt_min_delivery_days`, `rt_max_qnty_storage`, `rt_prod_qnty_sold`) VALUES (1, 37, 15, 4, 5, 0, 120, 150, 30, 'GBP', 25, 5, 3, 20, 0);
INSERT INTO `retailer_products_stock` (`rt_id`, `rt_prod_id`, `rt_stock_up_thr_qnty`, `rt_stock_low_thr_qnty`, `rt_stock_available_qnty`, `rt_stock_ordered_qnty`, `rt_prod_cost_price`, `rt_prod_sell_price`, `rt_prod_margin_price`, `rt_prod_price_currency`, `rt_prod_margin_percentage`, `rt_max_delivery_days`, `rt_min_delivery_days`, `rt_max_qnty_storage`, `rt_prod_qnty_sold`) VALUES (2, 1, 10, 2, 5, 0, 483, 555.50, 72.5, 'GBP', 25, 7, 3, 15, 0);
INSERT INTO `retailer_products_stock` (`rt_id`, `rt_prod_id`, `rt_stock_up_thr_qnty`, `rt_stock_low_thr_qnty`, `rt_stock_available_qnty`, `rt_stock_ordered_qnty`, `rt_prod_cost_price`, `rt_prod_sell_price`, `rt_prod_margin_price`, `rt_prod_price_currency`, `rt_prod_margin_percentage`, `rt_max_delivery_days`, `rt_min_delivery_days`, `rt_max_qnty_storage`, `rt_prod_qnty_sold`) VALUES (2, 2, 10, 2, 5, 0, 552, 635, 83, 'GBP', 25, 7, 3, 15, 0);
INSERT INTO `retailer_products_stock` (`rt_id`, `rt_prod_id`, `rt_stock_up_thr_qnty`, `rt_stock_low_thr_qnty`, `rt_stock_available_qnty`, `rt_stock_ordered_qnty`, `rt_prod_cost_price`, `rt_prod_sell_price`, `rt_prod_margin_price`, `rt_prod_price_currency`, `rt_prod_margin_percentage`, `rt_max_delivery_days`, `rt_min_delivery_days`, `rt_max_qnty_storage`, `rt_prod_qnty_sold`) VALUES (2, 3, 10, 2, 5, 0, 632.5, 730, 97.5, 'GBP', 25, 7, 3, 15, 0);
INSERT INTO `retailer_products_stock` (`rt_id`, `rt_prod_id`, `rt_stock_up_thr_qnty`, `rt_stock_low_thr_qnty`, `rt_stock_available_qnty`, `rt_stock_ordered_qnty`, `rt_prod_cost_price`, `rt_prod_sell_price`, `rt_prod_margin_price`, `rt_prod_price_currency`, `rt_prod_margin_percentage`, `rt_max_delivery_days`, `rt_min_delivery_days`, `rt_max_qnty_storage`, `rt_prod_qnty_sold`) VALUES (2, 4, 10, 2, 5, 0, 678.5, 780, 101.5, 'GBP', 25, 7, 3, 15, 0);
INSERT INTO `retailer_products_stock` (`rt_id`, `rt_prod_id`, `rt_stock_up_thr_qnty`, `rt_stock_low_thr_qnty`, `rt_stock_available_qnty`, `rt_stock_ordered_qnty`, `rt_prod_cost_price`, `rt_prod_sell_price`, `rt_prod_margin_price`, `rt_prod_price_currency`, `rt_prod_margin_percentage`, `rt_max_delivery_days`, `rt_min_delivery_days`, `rt_max_qnty_storage`, `rt_prod_qnty_sold`) VALUES (2, 5, 10, 2, 5, 0, 736, 846.4, 110.4, 'GBP', 25, 7, 3, 15, 0);
INSERT INTO `retailer_products_stock` (`rt_id`, `rt_prod_id`, `rt_stock_up_thr_qnty`, `rt_stock_low_thr_qnty`, `rt_stock_available_qnty`, `rt_stock_ordered_qnty`, `rt_prod_cost_price`, `rt_prod_sell_price`, `rt_prod_margin_price`, `rt_prod_price_currency`, `rt_prod_margin_percentage`, `rt_max_delivery_days`, `rt_min_delivery_days`, `rt_max_qnty_storage`, `rt_prod_qnty_sold`) VALUES (2, 6, 10, 2, 5, 0, 805, 925.75, 120.75, 'GBP', 25, 7, 3, 15, 0);
INSERT INTO `retailer_products_stock` (`rt_id`, `rt_prod_id`, `rt_stock_up_thr_qnty`, `rt_stock_low_thr_qnty`, `rt_stock_available_qnty`, `rt_stock_ordered_qnty`, `rt_prod_cost_price`, `rt_prod_sell_price`, `rt_prod_margin_price`, `rt_prod_price_currency`, `rt_prod_margin_percentage`, `rt_max_delivery_days`, `rt_min_delivery_days`, `rt_max_qnty_storage`, `rt_prod_qnty_sold`) VALUES (2, 7, 10, 2, 5, 0, 885.5, 1018, 132.5, 'GBP', 25, 7, 3, 15, 0);
INSERT INTO `retailer_products_stock` (`rt_id`, `rt_prod_id`, `rt_stock_up_thr_qnty`, `rt_stock_low_thr_qnty`, `rt_stock_available_qnty`, `rt_stock_ordered_qnty`, `rt_prod_cost_price`, `rt_prod_sell_price`, `rt_prod_margin_price`, `rt_prod_price_currency`, `rt_prod_margin_percentage`, `rt_max_delivery_days`, `rt_min_delivery_days`, `rt_max_qnty_storage`, `rt_prod_qnty_sold`) VALUES (2, 8, 10, 2, 5, 0, 920, 1058, 138, 'GBP', 25, 7, 3, 15, 0);
INSERT INTO `retailer_products_stock` (`rt_id`, `rt_prod_id`, `rt_stock_up_thr_qnty`, `rt_stock_low_thr_qnty`, `rt_stock_available_qnty`, `rt_stock_ordered_qnty`, `rt_prod_cost_price`, `rt_prod_sell_price`, `rt_prod_margin_price`, `rt_prod_price_currency`, `rt_prod_margin_percentage`, `rt_max_delivery_days`, `rt_min_delivery_days`, `rt_max_qnty_storage`, `rt_prod_qnty_sold`) VALUES (2, 9, 10, 2, 5, 0, 1000.50, 1150.50, 150, 'GBP', 25, 7, 3, 15, 0);
INSERT INTO `retailer_products_stock` (`rt_id`, `rt_prod_id`, `rt_stock_up_thr_qnty`, `rt_stock_low_thr_qnty`, `rt_stock_available_qnty`, `rt_stock_ordered_qnty`, `rt_prod_cost_price`, `rt_prod_sell_price`, `rt_prod_margin_price`, `rt_prod_price_currency`, `rt_prod_margin_percentage`, `rt_max_delivery_days`, `rt_min_delivery_days`, `rt_max_qnty_storage`, `rt_prod_qnty_sold`) VALUES (2, 10, 10, 2, 5, 0, 1035, 1190.25, 155.25, 'GBP', 25, 7, 3, 15, 0);
INSERT INTO `retailer_products_stock` (`rt_id`, `rt_prod_id`, `rt_stock_up_thr_qnty`, `rt_stock_low_thr_qnty`, `rt_stock_available_qnty`, `rt_stock_ordered_qnty`, `rt_prod_cost_price`, `rt_prod_sell_price`, `rt_prod_margin_price`, `rt_prod_price_currency`, `rt_prod_margin_percentage`, `rt_max_delivery_days`, `rt_min_delivery_days`, `rt_max_qnty_storage`, `rt_prod_qnty_sold`) VALUES (2, 11, 10, 2, 5, 0, 1207.5, 1388.50, 181, 'GBP', 25, 7, 3, 15, 0);
INSERT INTO `retailer_products_stock` (`rt_id`, `rt_prod_id`, `rt_stock_up_thr_qnty`, `rt_stock_low_thr_qnty`, `rt_stock_available_qnty`, `rt_stock_ordered_qnty`, `rt_prod_cost_price`, `rt_prod_sell_price`, `rt_prod_margin_price`, `rt_prod_price_currency`, `rt_prod_margin_percentage`, `rt_max_delivery_days`, `rt_min_delivery_days`, `rt_max_qnty_storage`, `rt_prod_qnty_sold`) VALUES (2, 12, 10, 2, 5, 0, 1380, 1587, 207, 'GBP', 25, 7, 3, 15, 0);
INSERT INTO `retailer_products_stock` (`rt_id`, `rt_prod_id`, `rt_stock_up_thr_qnty`, `rt_stock_low_thr_qnty`, `rt_stock_available_qnty`, `rt_stock_ordered_qnty`, `rt_prod_cost_price`, `rt_prod_sell_price`, `rt_prod_margin_price`, `rt_prod_price_currency`, `rt_prod_margin_percentage`, `rt_max_delivery_days`, `rt_min_delivery_days`, `rt_max_qnty_storage`, `rt_prod_qnty_sold`) VALUES (2, 13, 10, 4, 9, 0, 15, 18, 3, 'GBP', 20, 7, 3, 20, 0);
INSERT INTO `retailer_products_stock` (`rt_id`, `rt_prod_id`, `rt_stock_up_thr_qnty`, `rt_stock_low_thr_qnty`, `rt_stock_available_qnty`, `rt_stock_ordered_qnty`, `rt_prod_cost_price`, `rt_prod_sell_price`, `rt_prod_margin_price`, `rt_prod_price_currency`, `rt_prod_margin_percentage`, `rt_max_delivery_days`, `rt_min_delivery_days`, `rt_max_qnty_storage`, `rt_prod_qnty_sold`) VALUES (2, 14, 10, 4, 9, 0, 10, 12, 2, 'GBP', 20, 7, 3, 20, 0);
INSERT INTO `retailer_products_stock` (`rt_id`, `rt_prod_id`, `rt_stock_up_thr_qnty`, `rt_stock_low_thr_qnty`, `rt_stock_available_qnty`, `rt_stock_ordered_qnty`, `rt_prod_cost_price`, `rt_prod_sell_price`, `rt_prod_margin_price`, `rt_prod_price_currency`, `rt_prod_margin_percentage`, `rt_max_delivery_days`, `rt_min_delivery_days`, `rt_max_qnty_storage`, `rt_prod_qnty_sold`) VALUES (2, 15, 15, 4, 9, 0, 25, 30, 5, 'GBP', 20, 7, 3, 20, 0);
INSERT INTO `retailer_products_stock` (`rt_id`, `rt_prod_id`, `rt_stock_up_thr_qnty`, `rt_stock_low_thr_qnty`, `rt_stock_available_qnty`, `rt_stock_ordered_qnty`, `rt_prod_cost_price`, `rt_prod_sell_price`, `rt_prod_margin_price`, `rt_prod_price_currency`, `rt_prod_margin_percentage`, `rt_max_delivery_days`, `rt_min_delivery_days`, `rt_max_qnty_storage`, `rt_prod_qnty_sold`) VALUES (2, 16, 15, 4, 9, 0, 10, 12, 2, 'GBP', 20, 7, 3, 20, 0);
INSERT INTO `retailer_products_stock` (`rt_id`, `rt_prod_id`, `rt_stock_up_thr_qnty`, `rt_stock_low_thr_qnty`, `rt_stock_available_qnty`, `rt_stock_ordered_qnty`, `rt_prod_cost_price`, `rt_prod_sell_price`, `rt_prod_margin_price`, `rt_prod_price_currency`, `rt_prod_margin_percentage`, `rt_max_delivery_days`, `rt_min_delivery_days`, `rt_max_qnty_storage`, `rt_prod_qnty_sold`) VALUES (2, 17, 15, 4, 9, 0, 6, 7.2, 1.2, 'GBP', 20, 7, 3, 20, 0);
INSERT INTO `retailer_products_stock` (`rt_id`, `rt_prod_id`, `rt_stock_up_thr_qnty`, `rt_stock_low_thr_qnty`, `rt_stock_available_qnty`, `rt_stock_ordered_qnty`, `rt_prod_cost_price`, `rt_prod_sell_price`, `rt_prod_margin_price`, `rt_prod_price_currency`, `rt_prod_margin_percentage`, `rt_max_delivery_days`, `rt_min_delivery_days`, `rt_max_qnty_storage`, `rt_prod_qnty_sold`) VALUES (2, 18, 15, 4, 9, 0, 8, 9.6, 1.6, 'GBP', 20, 7, 3, 20, 0);
INSERT INTO `retailer_products_stock` (`rt_id`, `rt_prod_id`, `rt_stock_up_thr_qnty`, `rt_stock_low_thr_qnty`, `rt_stock_available_qnty`, `rt_stock_ordered_qnty`, `rt_prod_cost_price`, `rt_prod_sell_price`, `rt_prod_margin_price`, `rt_prod_price_currency`, `rt_prod_margin_percentage`, `rt_max_delivery_days`, `rt_min_delivery_days`, `rt_max_qnty_storage`, `rt_prod_qnty_sold`) VALUES (2, 19, 15, 4, 9, 0, 15, 18, 3, 'GBP', 20, 7, 3, 20, 0);
INSERT INTO `retailer_products_stock` (`rt_id`, `rt_prod_id`, `rt_stock_up_thr_qnty`, `rt_stock_low_thr_qnty`, `rt_stock_available_qnty`, `rt_stock_ordered_qnty`, `rt_prod_cost_price`, `rt_prod_sell_price`, `rt_prod_margin_price`, `rt_prod_price_currency`, `rt_prod_margin_percentage`, `rt_max_delivery_days`, `rt_min_delivery_days`, `rt_max_qnty_storage`, `rt_prod_qnty_sold`) VALUES (2, 20, 15, 4, 9, 0, 10, 12, 2, 'GBP', 20, 7, 3, 20, 0);
INSERT INTO `retailer_products_stock` (`rt_id`, `rt_prod_id`, `rt_stock_up_thr_qnty`, `rt_stock_low_thr_qnty`, `rt_stock_available_qnty`, `rt_stock_ordered_qnty`, `rt_prod_cost_price`, `rt_prod_sell_price`, `rt_prod_margin_price`, `rt_prod_price_currency`, `rt_prod_margin_percentage`, `rt_max_delivery_days`, `rt_min_delivery_days`, `rt_max_qnty_storage`, `rt_prod_qnty_sold`) VALUES (2, 21, 15, 4, 9, 0, 35, 42, 7, 'GBP', 20, 7, 3, 20, 0);
INSERT INTO `retailer_products_stock` (`rt_id`, `rt_prod_id`, `rt_stock_up_thr_qnty`, `rt_stock_low_thr_qnty`, `rt_stock_available_qnty`, `rt_stock_ordered_qnty`, `rt_prod_cost_price`, `rt_prod_sell_price`, `rt_prod_margin_price`, `rt_prod_price_currency`, `rt_prod_margin_percentage`, `rt_max_delivery_days`, `rt_min_delivery_days`, `rt_max_qnty_storage`, `rt_prod_qnty_sold`) VALUES (2, 22, 15, 4, 9, 0, 4, 4.8, 0.8, 'GBP', 20, 7, 3, 20, 0);
INSERT INTO `retailer_products_stock` (`rt_id`, `rt_prod_id`, `rt_stock_up_thr_qnty`, `rt_stock_low_thr_qnty`, `rt_stock_available_qnty`, `rt_stock_ordered_qnty`, `rt_prod_cost_price`, `rt_prod_sell_price`, `rt_prod_margin_price`, `rt_prod_price_currency`, `rt_prod_margin_percentage`, `rt_max_delivery_days`, `rt_min_delivery_days`, `rt_max_qnty_storage`, `rt_prod_qnty_sold`) VALUES (2, 23, 15, 4, 9, 0, 15, 18, 3, 'GBP', 20, 7, 3, 20, 0);
INSERT INTO `retailer_products_stock` (`rt_id`, `rt_prod_id`, `rt_stock_up_thr_qnty`, `rt_stock_low_thr_qnty`, `rt_stock_available_qnty`, `rt_stock_ordered_qnty`, `rt_prod_cost_price`, `rt_prod_sell_price`, `rt_prod_margin_price`, `rt_prod_price_currency`, `rt_prod_margin_percentage`, `rt_max_delivery_days`, `rt_min_delivery_days`, `rt_max_qnty_storage`, `rt_prod_qnty_sold`) VALUES (2, 24, 15, 4, 9, 0, 25, 30, 5, 'GBP', 20, 7, 3, 20, 0);
INSERT INTO `retailer_products_stock` (`rt_id`, `rt_prod_id`, `rt_stock_up_thr_qnty`, `rt_stock_low_thr_qnty`, `rt_stock_available_qnty`, `rt_stock_ordered_qnty`, `rt_prod_cost_price`, `rt_prod_sell_price`, `rt_prod_margin_price`, `rt_prod_price_currency`, `rt_prod_margin_percentage`, `rt_max_delivery_days`, `rt_min_delivery_days`, `rt_max_qnty_storage`, `rt_prod_qnty_sold`) VALUES (2, 25, 15, 4, 9, 0, 35, 42, 7, 'GBP', 20, 7, 3, 20, 0);
INSERT INTO `retailer_products_stock` (`rt_id`, `rt_prod_id`, `rt_stock_up_thr_qnty`, `rt_stock_low_thr_qnty`, `rt_stock_available_qnty`, `rt_stock_ordered_qnty`, `rt_prod_cost_price`, `rt_prod_sell_price`, `rt_prod_margin_price`, `rt_prod_price_currency`, `rt_prod_margin_percentage`, `rt_max_delivery_days`, `rt_min_delivery_days`, `rt_max_qnty_storage`, `rt_prod_qnty_sold`) VALUES (2, 26, 15, 4, 9, 0, 50, 60, 10, 'GBP', 20, 7, 3, 20, 0);
INSERT INTO `retailer_products_stock` (`rt_id`, `rt_prod_id`, `rt_stock_up_thr_qnty`, `rt_stock_low_thr_qnty`, `rt_stock_available_qnty`, `rt_stock_ordered_qnty`, `rt_prod_cost_price`, `rt_prod_sell_price`, `rt_prod_margin_price`, `rt_prod_price_currency`, `rt_prod_margin_percentage`, `rt_max_delivery_days`, `rt_min_delivery_days`, `rt_max_qnty_storage`, `rt_prod_qnty_sold`) VALUES (2, 27, 15, 4, 9, 0, 45, 54, 9, 'GBP', 20, 7, 3, 20, 0);
INSERT INTO `retailer_products_stock` (`rt_id`, `rt_prod_id`, `rt_stock_up_thr_qnty`, `rt_stock_low_thr_qnty`, `rt_stock_available_qnty`, `rt_stock_ordered_qnty`, `rt_prod_cost_price`, `rt_prod_sell_price`, `rt_prod_margin_price`, `rt_prod_price_currency`, `rt_prod_margin_percentage`, `rt_max_delivery_days`, `rt_min_delivery_days`, `rt_max_qnty_storage`, `rt_prod_qnty_sold`) VALUES (2, 28, 15, 4, 9, 0, 65, 78, 13, 'GBP', 20, 7, 3, 20, 0);
INSERT INTO `retailer_products_stock` (`rt_id`, `rt_prod_id`, `rt_stock_up_thr_qnty`, `rt_stock_low_thr_qnty`, `rt_stock_available_qnty`, `rt_stock_ordered_qnty`, `rt_prod_cost_price`, `rt_prod_sell_price`, `rt_prod_margin_price`, `rt_prod_price_currency`, `rt_prod_margin_percentage`, `rt_max_delivery_days`, `rt_min_delivery_days`, `rt_max_qnty_storage`, `rt_prod_qnty_sold`) VALUES (2, 29, 10, 2, 5, 0, 310, 356.5, 46.5, 'GBP', 15, 7, 3, 20, 0);
INSERT INTO `retailer_products_stock` (`rt_id`, `rt_prod_id`, `rt_stock_up_thr_qnty`, `rt_stock_low_thr_qnty`, `rt_stock_available_qnty`, `rt_stock_ordered_qnty`, `rt_prod_cost_price`, `rt_prod_sell_price`, `rt_prod_margin_price`, `rt_prod_price_currency`, `rt_prod_margin_percentage`, `rt_max_delivery_days`, `rt_min_delivery_days`, `rt_max_qnty_storage`, `rt_prod_qnty_sold`) VALUES (2, 30, 10, 2, 5, 0, 290, 333.5, 43.5, 'GBP', 15, 7, 3, 20, 0);
INSERT INTO `retailer_products_stock` (`rt_id`, `rt_prod_id`, `rt_stock_up_thr_qnty`, `rt_stock_low_thr_qnty`, `rt_stock_available_qnty`, `rt_stock_ordered_qnty`, `rt_prod_cost_price`, `rt_prod_sell_price`, `rt_prod_margin_price`, `rt_prod_price_currency`, `rt_prod_margin_percentage`, `rt_max_delivery_days`, `rt_min_delivery_days`, `rt_max_qnty_storage`, `rt_prod_qnty_sold`) VALUES (2, 31, 10, 2, 5, 0, 270, 310.5, 40.5, 'GBP', 15, 7, 3, 20, 0);
INSERT INTO `retailer_products_stock` (`rt_id`, `rt_prod_id`, `rt_stock_up_thr_qnty`, `rt_stock_low_thr_qnty`, `rt_stock_available_qnty`, `rt_stock_ordered_qnty`, `rt_prod_cost_price`, `rt_prod_sell_price`, `rt_prod_margin_price`, `rt_prod_price_currency`, `rt_prod_margin_percentage`, `rt_max_delivery_days`, `rt_min_delivery_days`, `rt_max_qnty_storage`, `rt_prod_qnty_sold`) VALUES (2, 32, 10, 2, 5, 0, 240, 276, 36, 'GBP', 15, 7, 3, 20, 0);
INSERT INTO `retailer_products_stock` (`rt_id`, `rt_prod_id`, `rt_stock_up_thr_qnty`, `rt_stock_low_thr_qnty`, `rt_stock_available_qnty`, `rt_stock_ordered_qnty`, `rt_prod_cost_price`, `rt_prod_sell_price`, `rt_prod_margin_price`, `rt_prod_price_currency`, `rt_prod_margin_percentage`, `rt_max_delivery_days`, `rt_min_delivery_days`, `rt_max_qnty_storage`, `rt_prod_qnty_sold`) VALUES (2, 33, 10, 2, 5, 0, 220, 253, 33, 'GBP', 15, 7, 3, 20, 0);
INSERT INTO `retailer_products_stock` (`rt_id`, `rt_prod_id`, `rt_stock_up_thr_qnty`, `rt_stock_low_thr_qnty`, `rt_stock_available_qnty`, `rt_stock_ordered_qnty`, `rt_prod_cost_price`, `rt_prod_sell_price`, `rt_prod_margin_price`, `rt_prod_price_currency`, `rt_prod_margin_percentage`, `rt_max_delivery_days`, `rt_min_delivery_days`, `rt_max_qnty_storage`, `rt_prod_qnty_sold`) VALUES (2, 34, 10, 2, 5, 0, 190, 218.5, 28.5, 'GBP', 15, 7, 3, 20, 0);
INSERT INTO `retailer_products_stock` (`rt_id`, `rt_prod_id`, `rt_stock_up_thr_qnty`, `rt_stock_low_thr_qnty`, `rt_stock_available_qnty`, `rt_stock_ordered_qnty`, `rt_prod_cost_price`, `rt_prod_sell_price`, `rt_prod_margin_price`, `rt_prod_price_currency`, `rt_prod_margin_percentage`, `rt_max_delivery_days`, `rt_min_delivery_days`, `rt_max_qnty_storage`, `rt_prod_qnty_sold`) VALUES (2, 35, 10, 2, 5, 0, 170, 195.5, 25.5, 'GBP', 15, 7, 3, 20, 0);
INSERT INTO `retailer_products_stock` (`rt_id`, `rt_prod_id`, `rt_stock_up_thr_qnty`, `rt_stock_low_thr_qnty`, `rt_stock_available_qnty`, `rt_stock_ordered_qnty`, `rt_prod_cost_price`, `rt_prod_sell_price`, `rt_prod_margin_price`, `rt_prod_price_currency`, `rt_prod_margin_percentage`, `rt_max_delivery_days`, `rt_min_delivery_days`, `rt_max_qnty_storage`, `rt_prod_qnty_sold`) VALUES (2, 36, 10, 2, 5, 0, 160, 184, 24, 'GBP', 15, 7, 3, 20, 0);
INSERT INTO `retailer_products_stock` (`rt_id`, `rt_prod_id`, `rt_stock_up_thr_qnty`, `rt_stock_low_thr_qnty`, `rt_stock_available_qnty`, `rt_stock_ordered_qnty`, `rt_prod_cost_price`, `rt_prod_sell_price`, `rt_prod_margin_price`, `rt_prod_price_currency`, `rt_prod_margin_percentage`, `rt_max_delivery_days`, `rt_min_delivery_days`, `rt_max_qnty_storage`, `rt_prod_qnty_sold`) VALUES (2, 37, 10, 2, 5, 0, 130, 149.5, 19.5, 'GBP', 15, 7, 3, 20, 0);
INSERT INTO `retailer_products_stock` (`rt_id`, `rt_prod_id`, `rt_stock_up_thr_qnty`, `rt_stock_low_thr_qnty`, `rt_stock_available_qnty`, `rt_stock_ordered_qnty`, `rt_prod_cost_price`, `rt_prod_sell_price`, `rt_prod_margin_price`, `rt_prod_price_currency`, `rt_prod_margin_percentage`, `rt_max_delivery_days`, `rt_min_delivery_days`, `rt_max_qnty_storage`, `rt_prod_qnty_sold`) VALUES (3, 1, 10, 2, 5, 0, 530, 609.5, 79.5, 'GBP', 15, 4, 2, 15, 0);
INSERT INTO `retailer_products_stock` (`rt_id`, `rt_prod_id`, `rt_stock_up_thr_qnty`, `rt_stock_low_thr_qnty`, `rt_stock_available_qnty`, `rt_stock_ordered_qnty`, `rt_prod_cost_price`, `rt_prod_sell_price`, `rt_prod_margin_price`, `rt_prod_price_currency`, `rt_prod_margin_percentage`, `rt_max_delivery_days`, `rt_min_delivery_days`, `rt_max_qnty_storage`, `rt_prod_qnty_sold`) VALUES (3, 2, 10, 2, 5, 0, 580, 667, 87, 'GBP', 15, 4, 2, 15, 0);
INSERT INTO `retailer_products_stock` (`rt_id`, `rt_prod_id`, `rt_stock_up_thr_qnty`, `rt_stock_low_thr_qnty`, `rt_stock_available_qnty`, `rt_stock_ordered_qnty`, `rt_prod_cost_price`, `rt_prod_sell_price`, `rt_prod_margin_price`, `rt_prod_price_currency`, `rt_prod_margin_percentage`, `rt_max_delivery_days`, `rt_min_delivery_days`, `rt_max_qnty_storage`, `rt_prod_qnty_sold`) VALUES (3, 3, 10, 2, 5, 0, 630, 724.5, 94.5, 'GBP', 15, 4, 2, 15, 0);
INSERT INTO `retailer_products_stock` (`rt_id`, `rt_prod_id`, `rt_stock_up_thr_qnty`, `rt_stock_low_thr_qnty`, `rt_stock_available_qnty`, `rt_stock_ordered_qnty`, `rt_prod_cost_price`, `rt_prod_sell_price`, `rt_prod_margin_price`, `rt_prod_price_currency`, `rt_prod_margin_percentage`, `rt_max_delivery_days`, `rt_min_delivery_days`, `rt_max_qnty_storage`, `rt_prod_qnty_sold`) VALUES (3, 4, 10, 2, 5, 0, 680, 782, 102, 'GBP', 15, 4, 2, 15, 0);
INSERT INTO `retailer_products_stock` (`rt_id`, `rt_prod_id`, `rt_stock_up_thr_qnty`, `rt_stock_low_thr_qnty`, `rt_stock_available_qnty`, `rt_stock_ordered_qnty`, `rt_prod_cost_price`, `rt_prod_sell_price`, `rt_prod_margin_price`, `rt_prod_price_currency`, `rt_prod_margin_percentage`, `rt_max_delivery_days`, `rt_min_delivery_days`, `rt_max_qnty_storage`, `rt_prod_qnty_sold`) VALUES (3, 5, 10, 2, 5, 0, 730, 839.5, 109.5, 'GBP', 15, 4, 2, 15, 0);
INSERT INTO `retailer_products_stock` (`rt_id`, `rt_prod_id`, `rt_stock_up_thr_qnty`, `rt_stock_low_thr_qnty`, `rt_stock_available_qnty`, `rt_stock_ordered_qnty`, `rt_prod_cost_price`, `rt_prod_sell_price`, `rt_prod_margin_price`, `rt_prod_price_currency`, `rt_prod_margin_percentage`, `rt_max_delivery_days`, `rt_min_delivery_days`, `rt_max_qnty_storage`, `rt_prod_qnty_sold`) VALUES (3, 6, 10, 2, 5, 0, 750, 862.5, 112.5, 'GBP', 15, 4, 2, 15, 0);
INSERT INTO `retailer_products_stock` (`rt_id`, `rt_prod_id`, `rt_stock_up_thr_qnty`, `rt_stock_low_thr_qnty`, `rt_stock_available_qnty`, `rt_stock_ordered_qnty`, `rt_prod_cost_price`, `rt_prod_sell_price`, `rt_prod_margin_price`, `rt_prod_price_currency`, `rt_prod_margin_percentage`, `rt_max_delivery_days`, `rt_min_delivery_days`, `rt_max_qnty_storage`, `rt_prod_qnty_sold`) VALUES (3, 7, 10, 2, 5, 0, 790, 908.5, 118.5, 'GBP', 15, 4, 2, 15, 0);
INSERT INTO `retailer_products_stock` (`rt_id`, `rt_prod_id`, `rt_stock_up_thr_qnty`, `rt_stock_low_thr_qnty`, `rt_stock_available_qnty`, `rt_stock_ordered_qnty`, `rt_prod_cost_price`, `rt_prod_sell_price`, `rt_prod_margin_price`, `rt_prod_price_currency`, `rt_prod_margin_percentage`, `rt_max_delivery_days`, `rt_min_delivery_days`, `rt_max_qnty_storage`, `rt_prod_qnty_sold`) VALUES (3, 8, 10, 2, 5, 0, 850, 977.5, 127.5, 'GBP', 15, 4, 2, 15, 0);
INSERT INTO `retailer_products_stock` (`rt_id`, `rt_prod_id`, `rt_stock_up_thr_qnty`, `rt_stock_low_thr_qnty`, `rt_stock_available_qnty`, `rt_stock_ordered_qnty`, `rt_prod_cost_price`, `rt_prod_sell_price`, `rt_prod_margin_price`, `rt_prod_price_currency`, `rt_prod_margin_percentage`, `rt_max_delivery_days`, `rt_min_delivery_days`, `rt_max_qnty_storage`, `rt_prod_qnty_sold`) VALUES (3, 9, 10, 2, 5, 0, 920, 1058, 138, 'GBP', 15, 4, 2, 15, 0);
INSERT INTO `retailer_products_stock` (`rt_id`, `rt_prod_id`, `rt_stock_up_thr_qnty`, `rt_stock_low_thr_qnty`, `rt_stock_available_qnty`, `rt_stock_ordered_qnty`, `rt_prod_cost_price`, `rt_prod_sell_price`, `rt_prod_margin_price`, `rt_prod_price_currency`, `rt_prod_margin_percentage`, `rt_max_delivery_days`, `rt_min_delivery_days`, `rt_max_qnty_storage`, `rt_prod_qnty_sold`) VALUES (3, 10, 10, 2, 5, 0, 980, 1127, 147, 'GBP', 15, 4, 2, 15, 0);
INSERT INTO `retailer_products_stock` (`rt_id`, `rt_prod_id`, `rt_stock_up_thr_qnty`, `rt_stock_low_thr_qnty`, `rt_stock_available_qnty`, `rt_stock_ordered_qnty`, `rt_prod_cost_price`, `rt_prod_sell_price`, `rt_prod_margin_price`, `rt_prod_price_currency`, `rt_prod_margin_percentage`, `rt_max_delivery_days`, `rt_min_delivery_days`, `rt_max_qnty_storage`, `rt_prod_qnty_sold`) VALUES (3, 11, 10, 2, 5, 0, 1020, 1173, 153, 'GBP', 15, 4, 2, 15, 0);
INSERT INTO `retailer_products_stock` (`rt_id`, `rt_prod_id`, `rt_stock_up_thr_qnty`, `rt_stock_low_thr_qnty`, `rt_stock_available_qnty`, `rt_stock_ordered_qnty`, `rt_prod_cost_price`, `rt_prod_sell_price`, `rt_prod_margin_price`, `rt_prod_price_currency`, `rt_prod_margin_percentage`, `rt_max_delivery_days`, `rt_min_delivery_days`, `rt_max_qnty_storage`, `rt_prod_qnty_sold`) VALUES (3, 12, 10, 2, 5, 0, 1090, 1253.5, 163.5, 'GBP', 15, 4, 2, 15, 0);
INSERT INTO `retailer_products_stock` (`rt_id`, `rt_prod_id`, `rt_stock_up_thr_qnty`, `rt_stock_low_thr_qnty`, `rt_stock_available_qnty`, `rt_stock_ordered_qnty`, `rt_prod_cost_price`, `rt_prod_sell_price`, `rt_prod_margin_price`, `rt_prod_price_currency`, `rt_prod_margin_percentage`, `rt_max_delivery_days`, `rt_min_delivery_days`, `rt_max_qnty_storage`, `rt_prod_qnty_sold`) VALUES (3, 13, 10, 4, 9, 0, 20, 23, 3, 'GBP', 15, 4, 2, 20, 0);
INSERT INTO `retailer_products_stock` (`rt_id`, `rt_prod_id`, `rt_stock_up_thr_qnty`, `rt_stock_low_thr_qnty`, `rt_stock_available_qnty`, `rt_stock_ordered_qnty`, `rt_prod_cost_price`, `rt_prod_sell_price`, `rt_prod_margin_price`, `rt_prod_price_currency`, `rt_prod_margin_percentage`, `rt_max_delivery_days`, `rt_min_delivery_days`, `rt_max_qnty_storage`, `rt_prod_qnty_sold`) VALUES (3, 14, 10, 4, 9, 0, 15, 17.25, 2.25, 'GBP', 15, 4, 2, 20, 0);
INSERT INTO `retailer_products_stock` (`rt_id`, `rt_prod_id`, `rt_stock_up_thr_qnty`, `rt_stock_low_thr_qnty`, `rt_stock_available_qnty`, `rt_stock_ordered_qnty`, `rt_prod_cost_price`, `rt_prod_sell_price`, `rt_prod_margin_price`, `rt_prod_price_currency`, `rt_prod_margin_percentage`, `rt_max_delivery_days`, `rt_min_delivery_days`, `rt_max_qnty_storage`, `rt_prod_qnty_sold`) VALUES (3, 15, 15, 4, 9, 0, 30, 34.5, 4.5, 'GBP', 15, 4, 2, 20, 0);
INSERT INTO `retailer_products_stock` (`rt_id`, `rt_prod_id`, `rt_stock_up_thr_qnty`, `rt_stock_low_thr_qnty`, `rt_stock_available_qnty`, `rt_stock_ordered_qnty`, `rt_prod_cost_price`, `rt_prod_sell_price`, `rt_prod_margin_price`, `rt_prod_price_currency`, `rt_prod_margin_percentage`, `rt_max_delivery_days`, `rt_min_delivery_days`, `rt_max_qnty_storage`, `rt_prod_qnty_sold`) VALUES (3, 16, 15, 4, 9, 0, 10, 11.5, 1.5, 'GBP', 15, 4, 2, 20, 0);
INSERT INTO `retailer_products_stock` (`rt_id`, `rt_prod_id`, `rt_stock_up_thr_qnty`, `rt_stock_low_thr_qnty`, `rt_stock_available_qnty`, `rt_stock_ordered_qnty`, `rt_prod_cost_price`, `rt_prod_sell_price`, `rt_prod_margin_price`, `rt_prod_price_currency`, `rt_prod_margin_percentage`, `rt_max_delivery_days`, `rt_min_delivery_days`, `rt_max_qnty_storage`, `rt_prod_qnty_sold`) VALUES (3, 17, 15, 4, 9, 0, 5, 5.75, 0.75, 'GBP', 15, 4, 2, 20, 0);
INSERT INTO `retailer_products_stock` (`rt_id`, `rt_prod_id`, `rt_stock_up_thr_qnty`, `rt_stock_low_thr_qnty`, `rt_stock_available_qnty`, `rt_stock_ordered_qnty`, `rt_prod_cost_price`, `rt_prod_sell_price`, `rt_prod_margin_price`, `rt_prod_price_currency`, `rt_prod_margin_percentage`, `rt_max_delivery_days`, `rt_min_delivery_days`, `rt_max_qnty_storage`, `rt_prod_qnty_sold`) VALUES (3, 18, 15, 4, 9, 0, 10, 11.5, 1.5, 'GBP', 15, 4, 2, 20, 0);
INSERT INTO `retailer_products_stock` (`rt_id`, `rt_prod_id`, `rt_stock_up_thr_qnty`, `rt_stock_low_thr_qnty`, `rt_stock_available_qnty`, `rt_stock_ordered_qnty`, `rt_prod_cost_price`, `rt_prod_sell_price`, `rt_prod_margin_price`, `rt_prod_price_currency`, `rt_prod_margin_percentage`, `rt_max_delivery_days`, `rt_min_delivery_days`, `rt_max_qnty_storage`, `rt_prod_qnty_sold`) VALUES (3, 19, 15, 4, 9, 0, 20, 23, 3, 'GBP', 15, 4, 2, 20, 0);
INSERT INTO `retailer_products_stock` (`rt_id`, `rt_prod_id`, `rt_stock_up_thr_qnty`, `rt_stock_low_thr_qnty`, `rt_stock_available_qnty`, `rt_stock_ordered_qnty`, `rt_prod_cost_price`, `rt_prod_sell_price`, `rt_prod_margin_price`, `rt_prod_price_currency`, `rt_prod_margin_percentage`, `rt_max_delivery_days`, `rt_min_delivery_days`, `rt_max_qnty_storage`, `rt_prod_qnty_sold`) VALUES (3, 20, 15, 4, 9, 0, 10, 11.5, 1.5, 'GBP', 15, 4, 2, 20, 0);
INSERT INTO `retailer_products_stock` (`rt_id`, `rt_prod_id`, `rt_stock_up_thr_qnty`, `rt_stock_low_thr_qnty`, `rt_stock_available_qnty`, `rt_stock_ordered_qnty`, `rt_prod_cost_price`, `rt_prod_sell_price`, `rt_prod_margin_price`, `rt_prod_price_currency`, `rt_prod_margin_percentage`, `rt_max_delivery_days`, `rt_min_delivery_days`, `rt_max_qnty_storage`, `rt_prod_qnty_sold`) VALUES (3, 21, 15, 4, 9, 0, 40, 46, 6, 'GBP', 15, 4, 2, 20, 0);
INSERT INTO `retailer_products_stock` (`rt_id`, `rt_prod_id`, `rt_stock_up_thr_qnty`, `rt_stock_low_thr_qnty`, `rt_stock_available_qnty`, `rt_stock_ordered_qnty`, `rt_prod_cost_price`, `rt_prod_sell_price`, `rt_prod_margin_price`, `rt_prod_price_currency`, `rt_prod_margin_percentage`, `rt_max_delivery_days`, `rt_min_delivery_days`, `rt_max_qnty_storage`, `rt_prod_qnty_sold`) VALUES (3, 22, 15, 4, 9, 0, 4, 4.6, 0.6, 'GBP', 15, 4, 2, 20, 0);
INSERT INTO `retailer_products_stock` (`rt_id`, `rt_prod_id`, `rt_stock_up_thr_qnty`, `rt_stock_low_thr_qnty`, `rt_stock_available_qnty`, `rt_stock_ordered_qnty`, `rt_prod_cost_price`, `rt_prod_sell_price`, `rt_prod_margin_price`, `rt_prod_price_currency`, `rt_prod_margin_percentage`, `rt_max_delivery_days`, `rt_min_delivery_days`, `rt_max_qnty_storage`, `rt_prod_qnty_sold`) VALUES (3, 23, 15, 4, 9, 0, 15, 17.25, 2.25, 'GBP', 15, 4, 2, 20, 0);
INSERT INTO `retailer_products_stock` (`rt_id`, `rt_prod_id`, `rt_stock_up_thr_qnty`, `rt_stock_low_thr_qnty`, `rt_stock_available_qnty`, `rt_stock_ordered_qnty`, `rt_prod_cost_price`, `rt_prod_sell_price`, `rt_prod_margin_price`, `rt_prod_price_currency`, `rt_prod_margin_percentage`, `rt_max_delivery_days`, `rt_min_delivery_days`, `rt_max_qnty_storage`, `rt_prod_qnty_sold`) VALUES (3, 24, 15, 4, 9, 0, 30, 34.5, 4.5, 'GBP', 15, 4, 2, 20, 0);
INSERT INTO `retailer_products_stock` (`rt_id`, `rt_prod_id`, `rt_stock_up_thr_qnty`, `rt_stock_low_thr_qnty`, `rt_stock_available_qnty`, `rt_stock_ordered_qnty`, `rt_prod_cost_price`, `rt_prod_sell_price`, `rt_prod_margin_price`, `rt_prod_price_currency`, `rt_prod_margin_percentage`, `rt_max_delivery_days`, `rt_min_delivery_days`, `rt_max_qnty_storage`, `rt_prod_qnty_sold`) VALUES (3, 25, 15, 4, 9, 0, 40, 46, 6, 'GBP', 15, 4, 2, 20, 0);
INSERT INTO `retailer_products_stock` (`rt_id`, `rt_prod_id`, `rt_stock_up_thr_qnty`, `rt_stock_low_thr_qnty`, `rt_stock_available_qnty`, `rt_stock_ordered_qnty`, `rt_prod_cost_price`, `rt_prod_sell_price`, `rt_prod_margin_price`, `rt_prod_price_currency`, `rt_prod_margin_percentage`, `rt_max_delivery_days`, `rt_min_delivery_days`, `rt_max_qnty_storage`, `rt_prod_qnty_sold`) VALUES (3, 26, 15, 4, 9, 0, 50, 57.5, 7.5, 'GBP', 15, 4, 2, 20, 0);
INSERT INTO `retailer_products_stock` (`rt_id`, `rt_prod_id`, `rt_stock_up_thr_qnty`, `rt_stock_low_thr_qnty`, `rt_stock_available_qnty`, `rt_stock_ordered_qnty`, `rt_prod_cost_price`, `rt_prod_sell_price`, `rt_prod_margin_price`, `rt_prod_price_currency`, `rt_prod_margin_percentage`, `rt_max_delivery_days`, `rt_min_delivery_days`, `rt_max_qnty_storage`, `rt_prod_qnty_sold`) VALUES (3, 27, 15, 4, 9, 0, 45, 51.75, 6.75, 'GBP', 15, 4, 2, 20, 0);
INSERT INTO `retailer_products_stock` (`rt_id`, `rt_prod_id`, `rt_stock_up_thr_qnty`, `rt_stock_low_thr_qnty`, `rt_stock_available_qnty`, `rt_stock_ordered_qnty`, `rt_prod_cost_price`, `rt_prod_sell_price`, `rt_prod_margin_price`, `rt_prod_price_currency`, `rt_prod_margin_percentage`, `rt_max_delivery_days`, `rt_min_delivery_days`, `rt_max_qnty_storage`, `rt_prod_qnty_sold`) VALUES (3, 28, 15, 4, 9, 0, 60, 69, 9, 'GBP', 15, 4, 2, 20, 0);
INSERT INTO `retailer_products_stock` (`rt_id`, `rt_prod_id`, `rt_stock_up_thr_qnty`, `rt_stock_low_thr_qnty`, `rt_stock_available_qnty`, `rt_stock_ordered_qnty`, `rt_prod_cost_price`, `rt_prod_sell_price`, `rt_prod_margin_price`, `rt_prod_price_currency`, `rt_prod_margin_percentage`, `rt_max_delivery_days`, `rt_min_delivery_days`, `rt_max_qnty_storage`, `rt_prod_qnty_sold`) VALUES (3, 29, 10, 2, 5, 0, 280, 336, 56, 'GBP', 20, 4, 2, 20, 0);
INSERT INTO `retailer_products_stock` (`rt_id`, `rt_prod_id`, `rt_stock_up_thr_qnty`, `rt_stock_low_thr_qnty`, `rt_stock_available_qnty`, `rt_stock_ordered_qnty`, `rt_prod_cost_price`, `rt_prod_sell_price`, `rt_prod_margin_price`, `rt_prod_price_currency`, `rt_prod_margin_percentage`, `rt_max_delivery_days`, `rt_min_delivery_days`, `rt_max_qnty_storage`, `rt_prod_qnty_sold`) VALUES (3, 30, 10, 2, 5, 0, 270, 324, 54, 'GBP', 20, 4, 2, 20, 0);
INSERT INTO `retailer_products_stock` (`rt_id`, `rt_prod_id`, `rt_stock_up_thr_qnty`, `rt_stock_low_thr_qnty`, `rt_stock_available_qnty`, `rt_stock_ordered_qnty`, `rt_prod_cost_price`, `rt_prod_sell_price`, `rt_prod_margin_price`, `rt_prod_price_currency`, `rt_prod_margin_percentage`, `rt_max_delivery_days`, `rt_min_delivery_days`, `rt_max_qnty_storage`, `rt_prod_qnty_sold`) VALUES (3, 31, 10, 2, 5, 0, 250, 300, 50, 'GBP', 20, 4, 2, 20, 0);
INSERT INTO `retailer_products_stock` (`rt_id`, `rt_prod_id`, `rt_stock_up_thr_qnty`, `rt_stock_low_thr_qnty`, `rt_stock_available_qnty`, `rt_stock_ordered_qnty`, `rt_prod_cost_price`, `rt_prod_sell_price`, `rt_prod_margin_price`, `rt_prod_price_currency`, `rt_prod_margin_percentage`, `rt_max_delivery_days`, `rt_min_delivery_days`, `rt_max_qnty_storage`, `rt_prod_qnty_sold`) VALUES (3, 32, 10, 2, 5, 0, 220, 264, 44, 'GBP', 20, 4, 2, 20, 0);
INSERT INTO `retailer_products_stock` (`rt_id`, `rt_prod_id`, `rt_stock_up_thr_qnty`, `rt_stock_low_thr_qnty`, `rt_stock_available_qnty`, `rt_stock_ordered_qnty`, `rt_prod_cost_price`, `rt_prod_sell_price`, `rt_prod_margin_price`, `rt_prod_price_currency`, `rt_prod_margin_percentage`, `rt_max_delivery_days`, `rt_min_delivery_days`, `rt_max_qnty_storage`, `rt_prod_qnty_sold`) VALUES (3, 33, 10, 2, 5, 0, 210, 252, 42, 'GBP', 20, 4, 2, 20, 0);
INSERT INTO `retailer_products_stock` (`rt_id`, `rt_prod_id`, `rt_stock_up_thr_qnty`, `rt_stock_low_thr_qnty`, `rt_stock_available_qnty`, `rt_stock_ordered_qnty`, `rt_prod_cost_price`, `rt_prod_sell_price`, `rt_prod_margin_price`, `rt_prod_price_currency`, `rt_prod_margin_percentage`, `rt_max_delivery_days`, `rt_min_delivery_days`, `rt_max_qnty_storage`, `rt_prod_qnty_sold`) VALUES (3, 34, 10, 2, 5, 0, 190, 228, 38, 'GBP', 20, 4, 2, 20, 0);
INSERT INTO `retailer_products_stock` (`rt_id`, `rt_prod_id`, `rt_stock_up_thr_qnty`, `rt_stock_low_thr_qnty`, `rt_stock_available_qnty`, `rt_stock_ordered_qnty`, `rt_prod_cost_price`, `rt_prod_sell_price`, `rt_prod_margin_price`, `rt_prod_price_currency`, `rt_prod_margin_percentage`, `rt_max_delivery_days`, `rt_min_delivery_days`, `rt_max_qnty_storage`, `rt_prod_qnty_sold`) VALUES (3, 35, 10, 2, 5, 0, 160, 192, 32, 'GBP', 20, 4, 2, 20, 0);
INSERT INTO `retailer_products_stock` (`rt_id`, `rt_prod_id`, `rt_stock_up_thr_qnty`, `rt_stock_low_thr_qnty`, `rt_stock_available_qnty`, `rt_stock_ordered_qnty`, `rt_prod_cost_price`, `rt_prod_sell_price`, `rt_prod_margin_price`, `rt_prod_price_currency`, `rt_prod_margin_percentage`, `rt_max_delivery_days`, `rt_min_delivery_days`, `rt_max_qnty_storage`, `rt_prod_qnty_sold`) VALUES (3, 36, 10, 2, 5, 0, 140, 168, 28, 'GBP', 20, 4, 2, 20, 0);
INSERT INTO `retailer_products_stock` (`rt_id`, `rt_prod_id`, `rt_stock_up_thr_qnty`, `rt_stock_low_thr_qnty`, `rt_stock_available_qnty`, `rt_stock_ordered_qnty`, `rt_prod_cost_price`, `rt_prod_sell_price`, `rt_prod_margin_price`, `rt_prod_price_currency`, `rt_prod_margin_percentage`, `rt_max_delivery_days`, `rt_min_delivery_days`, `rt_max_qnty_storage`, `rt_prod_qnty_sold`) VALUES (3, 37, 10, 2, 5, 0, 120, 144, 24, 'GBP', 20, 4, 2, 20, 0);

COMMIT;
